recording	participant	arm	stopbands	of_lines	peaks_above_2dB	worst_prom_db	worst_level_db	median_suppression_db	comb_db	correlation	change_rms	fir_rounds	delta_kept	theta_kept	alpha_kept	beta_kept	gamma_kept
sub-0000_task-thermalactive_run-2_eeg	sub-0000	combined	6	143	0	2	-1.75	-9.5500000000000007	-0.14000000000000001	0.99794000000000005	0.024410000000000001	1	1	1	1	0.95820000000000005	0.97550000000000003
sub-0000_task-thermalactive_run-3_eeg	sub-0000	combined	4	151	3	2.79	-1.01	-10.789999999999999	-0.28000000000000003	0.99836999999999998	0.016830000000000001	2	1	1	1	1	0.97550000000000003
sub-0000_task-thermalactive_run-1_eeg	sub-0000	combined	5	149	1	2.1200000000000001	-0.88	-8.8000000000000007	-0.14999999999999999	0.99748999999999999	0.042590000000000003	2	1	1	1	0.97909999999999997	0.97719999999999996
sub-0000_task-thermalactive_run-5_eeg	sub-0000	combined	8	139	1	2.3799999999999999	-1.3700000000000001	-9.7200000000000006	-0.14000000000000001	0.99887999999999999	0.0095999999999999992	0	1	1	1	0.96989999999999998	0.97109999999999996
sub-0000_task-thermalactive_run-4_eeg	sub-0000	combined	6	136	15	20.010000000000002	-0.83999999999999997	-9.1500000000000004	0	0.99839999999999995	0.01366	3	1	1	1	0.9758	0.89559999999999995
sub-0000_task-thermalactive_run-6_eeg	sub-0000	combined	4	148	3	2.1099999999999999	-2.2599999999999998	-9.5600000000000005	-0.27000000000000002	0.99916000000000005	0.0073499999999999998	1	1	1	1	1	0.96799999999999997
sub-0001_task-thermalactive_run-2_eeg	sub-0001	combined	1	137	1	2.6299999999999999	0.10000000000000001	-6.2000000000000002	-0.14999999999999999	0.99082000000000003	0.13514000000000001	0	1	1	1	1	0.99380000000000002
sub-0001_task-thermalactive_run-1_eeg	sub-0001	combined	5	160	3	5.9100000000000001	8.9499999999999993	-7.4299999999999997	-0.40000000000000002	0.97624	0.21653	1	0.89270000000000005	1	1	1	0.91269999999999996
sub-0001_task-thermalactive_run-3_eeg	sub-0001	combined	3	159	3	7.6500000000000004	-1.05	-6.9500000000000002	-0.19	0.97446999999999995	0.22437000000000001	1	1	1	1	1	0.95250000000000001
sub-0001_task-thermalactive_run-4_eeg	sub-0001	combined	5	156	1	2.5600000000000001	-0.56999999999999995	-6.9800000000000004	0	0.99114999999999998	0.13255	1	1	1	1	1	0.96589999999999998
sub-0001_task-thermalactive_run-6_eeg	sub-0001	combined	6	147	5	5.6600000000000001	-0.76000000000000001	-5.8600000000000003	-0.31	0.97997000000000001	0.19688	2	1	1	1	1	0.93540000000000001
sub-0001_task-thermalactive_run-5_eeg	sub-0001	combined	7	151	5	3.1800000000000002	2.1899999999999999	-7.6100000000000003	-0.40999999999999998	0.99553999999999998	0.094359999999999999	3	1	1	1	0.98170000000000002	0.90769999999999995
sub-0003_task-thermalactive_run-1_eeg	sub-0003	combined	4	133	15	9.2599999999999998	-4.7599999999999998	-10.94	-6.54	0.97307999999999995	0.22993	2	0.67820000000000003	0.76070000000000004	0.746	0.73460000000000003	0.69140000000000001
sub-0003_task-thermalactive_run-2_eeg	sub-0003	combined	0	139	0	1.8100000000000001	-2.5299999999999998	-6.6200000000000001	-0.089999999999999997	0.99821000000000004	0.056169999999999998	1	1	1	1	1	0.98750000000000004
sub-0003_task-thermalactive_run-3_eeg	sub-0003	combined	1	140	10	25.420000000000002	-2.1000000000000001	-6.8399999999999999	-0.12	0.99822999999999995	0.05466	2	1	1	1	0.96340000000000003	0.91320000000000001
sub-0003_task-thermalactive_run-4_eeg	sub-0003	combined	2	142	0	1.79	-3.0099999999999998	-7.6299999999999999	-0.10000000000000001	0.99822	0.055919999999999997	1	1	1	1	0.98170000000000002	0.97729999999999995
sub-0003_task-thermalactive_run-6_eeg	sub-0003	combined	5	144	1	2.04	-3.46	-7.7800000000000002	-0.070000000000000007	0.99775000000000003	0.05049	1	1	1	1	1	0.91149999999999998
sub-0003_task-thermalactive_run-5_eeg	sub-0003	combined	3	162	2	4.25	-3.0299999999999998	-8.1899999999999995	-0.19	0.99746000000000001	0.05985	2	1	1	1	0.9516	0.96150000000000002
sub-0004_task-thermalactive_run-1_eeg	sub-0004	combined	4	134	1	2.54	-2.0899999999999999	-6.3600000000000003	-0.13	0.99873999999999996	0.049880000000000001	2	1	1	1	1	0.94699999999999995
sub-0004_task-thermalactive_run-3_eeg	sub-0004	combined	5	109	1	2.2799999999999998	-0.69999999999999996	-5.3700000000000001	0.19	0.99846000000000001	0.046019999999999998	2	1	1	1	1	0.94540000000000002
sub-0004_task-thermalactive_run-2_eeg	sub-0004	combined	4	135	1	2.0099999999999998	-2.1899999999999999	-5.7199999999999998	0.01	0.99841999999999997	0.05101	2	1	1	1	0.9758	0.95499999999999996
sub-0004_task-thermalactive_run-5_eeg	sub-0004	combined	2	125	0	1.8500000000000001	-0.56000000000000005	-5.2699999999999996	0.029999999999999999	0.99983999999999995	0.016830000000000001	1	1	1	1	0.98170000000000002	0.95799999999999996
sub-0004_task-thermalactive_run-4_eeg	sub-0004	combined	7	127	4	3.3500000000000001	-1.6499999999999999	-6.6699999999999999	-0.029999999999999999	0.99851000000000001	0.040689999999999997	2	1	1	1	0.95820000000000005	0.92569999999999997
sub-0004_task-thermalactive_run-6_eeg	sub-0004	combined	8	104	6	2.8700000000000001	-2.8199999999999998	-5.46	0.17999999999999999	0.99861999999999995	0.031919999999999997	3	1	1	1	1	0.94079999999999997
sub-0005_task-thermalactive_run-1_eeg	sub-0005	combined	2	75	0	1.6200000000000001	-1.5800000000000001	-2.8100000000000001	0.25	0.99633000000000005	0.083239999999999995	1	1	1	1	0.96340000000000003	0.92720000000000002
sub-0005_task-thermalactive_run-2_eeg	sub-0005	combined	4	126	1	2.0899999999999999	-0.66000000000000003	-4.9500000000000002	-0.02	0.99673	0.072090000000000001	1	1	1	1	1	0.89890000000000003
sub-0005_task-thermalactive_run-3_eeg	sub-0005	combined	1	105	7	19.77	-2.3900000000000001	-4.7199999999999998	-0	0.99680000000000002	0.064530000000000004	2	1	1	1	1	0.89510000000000001
sub-0005_task-thermalactive_run-4_eeg	sub-0005	combined	6	95	3	5.3700000000000001	-1.5700000000000001	-4.0800000000000001	0.17000000000000001	0.99746999999999997	0.054210000000000001	2	1	1	1	0.95520000000000005	0.9234
sub-0005_task-thermalactive_run-5_eeg	sub-0005	combined	6	125	5	3.0800000000000001	-0.59999999999999998	-6.0899999999999999	0.28999999999999998	0.99717999999999996	0.048120000000000003	2	1	1	1	0.91369999999999996	0.94510000000000005
sub-0005_task-thermalactive_run-6_eeg	sub-0005	combined	4	115	8	35.030000000000001	-2.3599999999999999	-4.8099999999999996	0	0.99709000000000003	0.047629999999999999	2	1	1	1	0.93630000000000002	0.88190000000000002
sub-0006_task-thermalactive_run-1_eeg	sub-0006	combined	4	44	7	8.8000000000000007	0.40999999999999998	-7.9299999999999997	-6.4000000000000004	0.97675999999999996	0.18429999999999999	1	0.67820000000000003	0.76070000000000004	0.746	0.73460000000000003	0.69940000000000002
sub-0006_task-thermalactive_run-2_eeg	sub-0006	combined	0	42	16	41.340000000000003	0.13	-7.5499999999999998	-6.1299999999999999	0.96965000000000001	0.22394	2	0.67820000000000003	0.76070000000000004	0.746	0.73460000000000003	0.73099999999999998
sub-0006_task-thermalactive_run-3_eeg	sub-0006	combined	13	144	5	3.7400000000000002	-1.0600000000000001	-10.380000000000001	-0.54000000000000004	0.99668999999999996	0.072309999999999999	1	1	1	1	0.98170000000000002	0.88900000000000001
sub-0006_task-thermalactive_run-4_eeg	sub-0006	combined	9	135	0	2	-3.6099999999999999	-7.1299999999999999	-0.58999999999999997	0.99753000000000003	0.055370000000000003	1	1	1	1	0.98170000000000002	0.90559999999999996
sub-0006_task-thermalactive_run-5_eeg	sub-0006	combined	20	142	3	3.9300000000000002	-4.4900000000000002	-11.48	-0.56999999999999995	0.99677000000000004	0.06744	3	1	1	1	0.88039999999999996	0.86509999999999998
sub-0006_task-thermalactive_run-6_eeg	sub-0006	combined	16	137	6	5.2400000000000002	3.6600000000000001	-11.92	-0.68999999999999995	0.99529000000000001	0.073209999999999997	2	0.89270000000000005	1	1	0.9516	0.88780000000000003
sub-0007_task-thermalactive_run-1_eeg	sub-0007	combined	3	123	0	1.9399999999999999	-1.48	-4.3799999999999999	0.33000000000000002	0.99816000000000005	0.06021	3	1	1	1	0.98170000000000002	0.97270000000000001
sub-0007_task-thermalactive_run-2_eeg	sub-0007	combined	5	145	0	1.8	-1.78	-6.1799999999999997	-0.16	0.99804000000000004	0.062509999999999996	2	1	1	1	1	0.95220000000000005
sub-0007_task-thermalactive_run-3_eeg	sub-0007	combined	6	143	2	3	-1.5	-6.1600000000000001	-0.22	0.99819999999999998	0.059330000000000001	2	1	1	1	0.98170000000000002	0.95750000000000002
sub-0007_task-thermalactive_run-4_eeg	sub-0007	combined	4	127	5	20.309999999999999	-1.05	-5.71	-0.029999999999999999	0.99812999999999996	0.058369999999999998	3	1	1	1	0.98170000000000002	0.89129999999999998
sub-0007_task-thermalactive_run-5_eeg	sub-0007	combined	9	146	2	2.1600000000000001	-1.6000000000000001	-7.96	-0.089999999999999997	0.99873999999999996	0.045920000000000002	2	1	1	1	0.93989999999999996	0.94689999999999996
sub-0007_task-thermalactive_run-6_eeg	sub-0007	combined	10	165	6	4.8200000000000003	-1.6599999999999999	-8.7799999999999994	-0.20000000000000001	0.99834000000000001	0.046890000000000001	2	1	1	1	0.95230000000000004	0.90569999999999995
sub-0008_task-thermalactive_run-1_eeg	sub-0008	combined	10	156	5	4.2199999999999998	-1.1699999999999999	-8.7599999999999998	-0.39000000000000001	0.99561999999999995	0.08455	2	1	1	1	1	0.92700000000000005
sub-0008_task-thermalactive_run-2_eeg	sub-0008	combined	15	171	5	2.9500000000000002	0.62	-10.470000000000001	-0.42999999999999999	0.99556999999999995	0.078829999999999997	2	1	1	1	1	0.88280000000000003
sub-0008_task-thermalactive_run-3_eeg	sub-0008	combined	16	153	10	3.1899999999999999	-0.53000000000000003	-10.470000000000001	-0.32000000000000001	0.99495	0.066699999999999995	2	1	1	1	1	0.89500000000000002
sub-0008_task-thermalactive_run-4_eeg	sub-0008	combined	18	168	15	9.3599999999999994	7.3200000000000003	-10.369999999999999	-0.14999999999999999	0.96442000000000005	0.16586999999999999	3	0.22220000000000001	1	1	1	0.89959999999999996
sub-0008_task-thermalactive_run-5_eeg	sub-0008	combined	18	160	6	3.8199999999999998	-0.56000000000000005	-11.58	-0.39000000000000001	0.99512	0.047899999999999998	4	1	1	1	1	0.90080000000000005
sub-0008_task-thermalactive_run-6_eeg	sub-0008	combined	18	161	10	3.1099999999999999	0.33000000000000002	-10.289999999999999	0.040000000000000001	0.99495999999999996	0.045089999999999998	3	1	1	1	1	0.88
sub-0009_task-thermalactive_run-1_eeg	sub-0009	combined	10	167	0	1.8600000000000001	0.71999999999999997	-7.7800000000000002	-0.51000000000000001	0.99817999999999996	0.05978	2	1	1	1	1	0.95399999999999996
sub-0009_task-thermalactive_run-2_eeg	sub-0009	combined	14	159	5	7.1799999999999997	0.14000000000000001	-8.5999999999999996	0.17000000000000001	0.99675000000000002	0.070650000000000004	2	1	1	1	1	0.91649999999999998
sub-0009_task-thermalactive_run-3_eeg	sub-0009	combined	11	178	6	2.5	0.029999999999999999	-8.9199999999999999	-0.48999999999999999	0.99643999999999999	0.065979999999999997	2	1	1	1	1	0.91969999999999996
sub-0009_task-thermalactive_run-4_eeg	sub-0009	combined	11	185	5	9.8300000000000001	0.70999999999999996	-10.19	-0.42999999999999999	0.99685000000000001	0.054129999999999998	3	1	1	1	1	0.89949999999999997
sub-0009_task-thermalactive_run-5_eeg	sub-0009	combined	6	151	5	2.6099999999999999	0.38	-7.5099999999999998	-0.23000000000000001	0.99831000000000003	0.044209999999999999	2	1	1	1	1	0.94850000000000001
sub-0009_task-thermalactive_run-6_eeg	sub-0009	combined	5	167	5	4.29	0.47999999999999998	-10.199999999999999	-0.23000000000000001	0.98292000000000002	0.11409999999999999	3	1	1	0.52829999999999999	0.98170000000000002	0.93520000000000003
sub-0010_task-thermalactive_run-1_eeg	sub-0010	combined	11	109	18	9.8599999999999994	1.6499999999999999	-4.7400000000000002	0.029999999999999999	0.99439	0.10576000000000001	3	1	1	1	1	0.83919999999999995
sub-0010_task-thermalactive_run-2_eeg	sub-0010	combined	11	142	3	5.5999999999999996	1.05	-7.9400000000000004	-0.12	0.99697999999999998	0.071029999999999996	2	1	1	1	1	0.88349999999999995
sub-0010_task-thermalactive_run-3_eeg	sub-0010	combined	12	128	2	2.5600000000000001	1.0700000000000001	-6.0599999999999996	0.050000000000000003	0.99692999999999998	0.064339999999999994	2	1	1	1	1	0.89580000000000004
sub-0010_task-thermalactive_run-4_eeg	sub-0010	combined	10	141	5	5.9000000000000004	0.77000000000000002	-7.4699999999999998	-0.059999999999999998	0.99650000000000005	0.06096	2	1	1	1	1	0.89500000000000002
sub-0010_task-thermalactive_run-5_eeg	sub-0010	combined	13	130	7	3.0800000000000001	0.37	-7.2199999999999998	-0.14000000000000001	0.99672000000000005	0.052440000000000001	3	1	1	1	0.94640000000000002	0.88380000000000003
sub-0010_task-thermalactive_run-6_eeg	sub-0010	combined	14	141	4	5.5700000000000003	0.080000000000000002	-7.6799999999999997	-0.48999999999999999	0.99697999999999998	0.044150000000000002	3	1	1	1	1	0.88660000000000005
sub-0011_task-thermalactive_run-1_eeg	sub-0011	combined	8	154	6	2.5699999999999998	0.41999999999999998	-7.1799999999999997	-0.81000000000000005	0.99531000000000003	0.093219999999999997	1	1	1	1	0.9788	0.93430000000000002
sub-0011_task-thermalactive_run-2_eeg	sub-0011	combined	7	131	0	1.8400000000000001	11.92	-5.5300000000000002	-0	0.98031000000000001	0.16103999999999999	3	0.89270000000000005	1	1	1	0.94379999999999997
sub-0011_task-thermalactive_run-3_eeg	sub-0011	combined	4	99	0	1.78	1.1100000000000001	-4.0899999999999999	0.31	0.99461999999999995	0.070330000000000004	2	1	1	1	0.98170000000000002	0.95299999999999996
sub-0011_task-thermalactive_run-4_eeg	sub-0011	combined	16	178	19	36.729999999999997	1.5	-8.8300000000000001	-0.81000000000000005	0.99417999999999995	0.056370000000000003	4	1	1	1	1	0.84670000000000001
sub-0011_task-thermalactive_run-5_eeg	sub-0011	combined	10	130	15	11.93	1.0700000000000001	-5.9000000000000004	0	0.99433000000000005	0.050869999999999999	1	1	1	1	0.95820000000000005	0.90569999999999995
sub-0011_task-thermalactive_run-6_eeg	sub-0011	combined	17	169	18	7.0599999999999996	1.48	-8.9800000000000004	-1.1100000000000001	0.99492000000000003	0.040599999999999997	2	1	1	1	0.98170000000000002	0.83799999999999997
sub-0012_task-thermalactive_run-1_eeg	sub-0012	combined	11	110	4	2.0800000000000001	3.0299999999999998	-4.9400000000000004	-0.040000000000000001	0.99890999999999996	0.046149999999999997	1	1	1	1	1	0.92849999999999999
sub-0012_task-thermalactive_run-2_eeg	sub-0012	combined	9	128	4	25.82	2.5699999999999998	-5.5899999999999999	0.02	0.99917999999999996	0.040419999999999998	3	1	1	1	1	0.89990000000000003
sub-0012_task-thermalactive_run-3_eeg	sub-0012	combined	9	142	2	2.5699999999999998	1.5800000000000001	-7.8600000000000003	-0.22	0.99675999999999998	0.079339999999999994	1	1	1	1	1	0.92049999999999998
sub-0012_task-thermalactive_run-4_eeg	sub-0012	combined	9	150	2	2.6400000000000001	2.4300000000000002	-8.6600000000000001	-0.040000000000000001	0.99648999999999999	0.079769999999999994	2	1	1	1	1	0.90800000000000003
sub-0012_task-thermalactive_run-5_eeg	sub-0012	combined	6	148	2	2.3399999999999999	2.4199999999999999	-7.04	-0.28999999999999998	0.99553000000000003	0.087739999999999999	1	1	1	1	0.9758	0.94099999999999995
sub-0012_task-thermalactive_run-6_eeg	sub-0012	combined	12	160	6	4.6799999999999997	2.52	-9.7200000000000006	-0.56000000000000005	0.99641999999999997	0.075120000000000006	2	1	1	1	0.96989999999999998	0.89100000000000001
sub-0013_task-thermalactive_run-1_eeg	sub-0013	combined	0	75	13	25.120000000000001	-4.4400000000000004	-7.6500000000000004	-6.5	0.97613000000000005	0.21714	1	0.67820000000000003	0.76070000000000004	0.746	0.71699999999999997	0.7036
sub-0013_task-thermalactive_run-2_eeg	sub-0013	combined	2	74	4	2.96	0.17000000000000001	-2.7599999999999998	0.14000000000000001	0.99963000000000002	0.02717	2	1	1	1	0.96989999999999998	0.97729999999999995
sub-0013_task-thermalactive_run-3_eeg	sub-0013	combined	0	92	0	1.55	0.17999999999999999	-3.2599999999999998	0.17000000000000001	0.99934999999999996	0.035000000000000003	1	1	1	1	1	0.98350000000000004
sub-0013_task-thermalactive_run-4_eeg	sub-0013	combined	4	95	1	2.1600000000000001	0.19	-4.4900000000000002	-0	0.99922999999999995	0.03671	1	1	1	1	1	0.95820000000000005
sub-0013_task-thermalactive_run-5_eeg	sub-0013	combined	3	96	1	2.0899999999999999	-1.03	-5.5300000000000002	0.25	0.99882000000000004	0.041610000000000001	1	1	1	1	1	0.90469999999999995
sub-0013_task-thermalactive_run-6_eeg	sub-0013	combined	5	90	2	4.9299999999999997	-0.070000000000000007	-4.5199999999999996	0.28999999999999998	0.99875000000000003	0.043499999999999997	1	1	1	1	0.96989999999999998	0.94530000000000003
sub-0014_task-thermalactive_run-1_eeg	sub-0014	combined	2	120	0	1.8700000000000001	0.40999999999999998	-6.8200000000000003	0.11	0.99900999999999995	0.040779999999999997	1	1	1	1	1	0.96250000000000002
sub-0014_task-thermalactive_run-2_eeg	sub-0014	combined	7	124	0	1.72	0.85999999999999999	-6.5099999999999998	0.29999999999999999	0.99868999999999997	0.044819999999999999	2	1	1	1	1	0.95450000000000002
sub-0014_task-thermalactive_run-3_eeg	sub-0014	combined	3	117	4	3.8399999999999999	1.6899999999999999	-5.3600000000000003	0.23999999999999999	0.99900999999999995	0.038219999999999997	1	1	1	1	1	0.97230000000000005
sub-0014_task-thermalactive_run-4_eeg	sub-0014	combined	1	134	0	2	1.1699999999999999	-5.9100000000000001	0.080000000000000002	0.99909999999999999	0.036630000000000003	1	1	1	1	1	0.96350000000000002
sub-0014_task-thermalactive_run-5_eeg	sub-0014	combined	1	105	7	18.699999999999999	0.65000000000000002	-5.0099999999999998	0.19	0.99888999999999994	0.03807	2	1	1	1	1	0.91159999999999997
sub-0014_task-thermalactive_run-6_eeg	sub-0014	combined	1	102	6	8.4100000000000001	-2.5099999999999998	-9.4100000000000001	-6.4699999999999998	0.97763	0.16342000000000001	2	0.67820000000000003	0.76070000000000004	0.746	0.73460000000000003	0.6956
sub-0015_task-thermalactive_run-1_eeg	sub-0015	combined	8	135	5	3.75	-2.4100000000000001	-6.6399999999999997	-0.10000000000000001	0.99944999999999995	0.032530000000000003	2	1	1	1	0.98170000000000002	0.91920000000000002
sub-0015_task-thermalactive_run-2_eeg	sub-0015	combined	13	122	2	2.4500000000000002	-2.8500000000000001	-6.1600000000000001	0.17999999999999999	0.99697000000000002	0.059889999999999999	2	1	1	1	0.98170000000000002	0.90400000000000003
sub-0015_task-thermalactive_run-3_eeg	sub-0015	combined	10	151	7	4.5300000000000002	-2.04	-8.1600000000000001	-0	0.99711000000000005	0.051459999999999999	2	1	1	1	1	0.92669999999999997
sub-0015_task-thermalactive_run-4_eeg	sub-0015	combined	11	127	5	5.1399999999999997	-2.3199999999999998	-7.2599999999999998	-0.23000000000000001	0.99800999999999995	0.042939999999999999	2	1	1	1	0.9405	0.93700000000000006
sub-0015_task-thermalactive_run-5_eeg	sub-0015	combined	12	148	10	3.5899999999999999	-2.4300000000000002	-8.2699999999999996	-0.040000000000000001	0.99751999999999996	0.040899999999999999	2	1	1	1	1	0.91849999999999998
sub-0015_task-thermalactive_run-6_eeg	sub-0015	combined	10	135	2	3.2000000000000002	-2.5499999999999998	-7.04	0.28999999999999998	0.99722	0.03857	2	1	1	1	1	0.92649999999999999
