recording	participant	arm	n_subtracted	fir_rounds	n_fir_blocks	peaks_above_2dB	peaks_above_null_p99	null_p99_db	comb_db	unavail_hz_total	unavail_hz_fir_only	correlation	change_rms	delta_kept	delta_kept_fir_only	theta_kept	theta_kept_fir_only	alpha_kept	alpha_kept_fir_only	beta_kept	beta_kept_fir_only	gamma_kept	gamma_kept_fir_only
sub-0000_task-thermalactive_run-5_eeg	sub-0000	notching	0	4	31	19	0	33.73	0.01	24.16	24.16	0.99652	0.00979	1.0	1.0	1.0	1.0	1.0	1.0	0.9699	0.9699	0.731	0.731
sub-0000_task-thermalactive_run-5_eeg	sub-0000	tuned	159	0	8	1	0	5.03	-0.14	17.34	3.19	0.99666	0.0096	1.0	1.0	1.0	1.0	1.0	1.0	0.9229	0.9699	0.8007	0.9711
sub-0000_task-thermalactive_run-5_eeg	sub-0000	derived	109	2	8	24	23	2.6	0.01	24.16	3.79	0.99677	0.00944	1.0	1.0	1.0	1.0	1.0	1.0	0.9379	0.9641	0.7466	0.9568
sub-0000_task-thermalactive_run-5_eeg	sub-0000	derived_w20fit	109	2	6	48	40	2.44	1.19	17.34	5.88	0.99778	0.00783	1.0	1.0	1.0	1.0	1.0	1.0	0.9765	1.0	0.8397	0.9744
sub-0000_task-thermalactive_run-4_eeg	sub-0000	notching	0	3	35	14	0	8.12	0.52	19.19	19.19	0.99592	0.01344	1.0	1.0	1.0	1.0	1.0	1.0	0.9458	0.9458	0.8056	0.8056
sub-0000_task-thermalactive_run-4_eeg	sub-0000	tuned	155	3	5	15	7	8.05	0.0	20.25	6.86	0.99579	0.01366	1.0	1.0	1.0	1.0	1.0	1.0	0.9082	0.9758	0.7454	0.8956
sub-0000_task-thermalactive_run-4_eeg	sub-0000	derived	105	2	9	28	26	2.39	0.19	24.8	6.91	0.99606	0.0132	1.0	1.0	1.0	1.0	1.0	1.0	0.9353	1.0	0.7522	0.9497
sub-0000_task-thermalactive_run-4_eeg	sub-0000	derived_w20fit	105	2	5	48	40	2.42	1.3	16.3	4.46	0.99726	0.01102	1.0	1.0	1.0	1.0	1.0	1.0	0.9523	0.9699	0.8495	0.9898
sub-0000_task-thermalactive_run-6_eeg	sub-0000	notching	0	5	36	11	1	7.02	-0.4	20.3	20.3	0.99713	0.00758	1.0	1.0	1.0	1.0	1.0	1.0	0.9699	0.9699	0.7773	0.7773
sub-0000_task-thermalactive_run-6_eeg	sub-0000	tuned	166	1	6	3	6	1.83	-0.27	17.86	2.92	0.9973	0.00735	1.0	1.0	1.0	1.0	1.0	1.0	0.9441	1.0	0.7958	0.968
sub-0000_task-thermalactive_run-6_eeg	sub-0000	derived	107	3	8	24	21	2.15	0.04	24.38	4.59	0.99731	0.00734	1.0	1.0	1.0	1.0	1.0	1.0	0.9647	1.0	0.7404	0.9532
sub-0000_task-thermalactive_run-6_eeg	sub-0000	derived_w20fit	107	2	7	45	47	1.9	1.21	15.97	2.88	0.99821	0.00599	1.0	1.0	1.0	1.0	1.0	1.0	0.9765	1.0	0.839	0.9813
sub-0000_task-thermalactive_run-2_eeg	sub-0000	notching	0	3	31	16	0	29.49	0.12	20.76	20.76	0.99483	0.02395	1.0	1.0	1.0	1.0	1.0	1.0	0.9699	0.9699	0.8012	0.8012
sub-0000_task-thermalactive_run-2_eeg	sub-0000	tuned	159	1	6	0	0	4.4	-0.14	17.71	3.67	0.99463	0.02441	1.0	1.0	1.0	1.0	1.0	1.0	0.9261	0.9582	0.8032	0.9755
sub-0000_task-thermalactive_run-2_eeg	sub-0000	derived	105	3	8	23	19	2.5	0.28	24.21	6.87	0.99457	0.02454	1.0	1.0	1.0	1.0	1.0	1.0	0.9379	0.9582	0.7633	0.947
sub-0000_task-thermalactive_run-2_eeg	sub-0000	derived_w20fit	105	2	3	26	24	2.35	0.66	16.03	3.73	0.99651	0.01969	1.0	1.0	1.0	1.0	1.0	1.0	0.9765	1.0	0.8555	0.9898
sub-0000_task-thermalactive_run-1_eeg	sub-0000	notching	0	3	33	17	0	34.17	-0.1	22.17	22.17	0.99374	0.04506	1.0	1.0	1.0	1.0	1.0	1.0	0.9699	0.9699	0.7597	0.7597
sub-0000_task-thermalactive_run-1_eeg	sub-0000	tuned	166	2	6	1	0	3.45	-0.15	18.37	3.32	0.99441	0.04259	1.0	1.0	1.0	1.0	1.0	1.0	0.9085	0.9791	0.8068	0.9772
sub-0000_task-thermalactive_run-1_eeg	sub-0000	derived	106	2	7	19	7	3.3	-0.1	23.6	4.08	0.99465	0.04166	1.0	1.0	1.0	1.0	1.0	1.0	0.9379	0.9582	0.7589	0.9673
sub-0000_task-thermalactive_run-1_eeg	sub-0000	derived_w20fit	106	1	4	28	11	3.25	0.37	15.17	1.74	0.99674	0.03254	1.0	1.0	1.0	1.0	1.0	1.0	0.9582	0.9817	0.849	0.9898
sub-0000_task-thermalactive_run-3_eeg	sub-0000	notching	0	3	31	17	0	29.38	-0.17	21.36	21.36	0.99591	0.01637	1.0	1.0	1.0	1.0	1.0	1.0	0.9699	0.9699	0.7949	0.7949
sub-0000_task-thermalactive_run-3_eeg	sub-0000	tuned	171	2	3	3	0	3.77	-0.28	18.63	2.93	0.99567	0.01683	1.0	1.0	1.0	1.0	1.0	1.0	0.9294	1.0	0.7961	0.9755
sub-0000_task-thermalactive_run-3_eeg	sub-0000	derived	109	3	6	24	22	2.42	-0.34	23.69	4.07	0.99582	0.01655	1.0	1.0	1.0	1.0	1.0	1.0	0.9379	0.9582	0.7595	0.9595
sub-0000_task-thermalactive_run-3_eeg	sub-0000	derived_w20fit	109	2	5	23	17	2.56	0.36	17.26	4.96	0.99645	0.01526	1.0	1.0	1.0	1.0	1.0	1.0	0.9405	0.9405	0.8412	0.9835
sub-0001_task-thermalactive_run-1_eeg	sub-0001	notching	0	3	35	14	0	35.18	-0.28	27.09	27.09	0.95416	0.22336	0.8927	0.8927	1.0	1.0	1.0	1.0	0.9216	0.9216	0.6787	0.6787
sub-0001_task-thermalactive_run-1_eeg	sub-0001	tuned	167	1	7	3	0	7.47	-0.4	18.82	4.98	0.95698	0.21653	0.8927	0.8927	1.0	1.0	1.0	1.0	0.9294	1.0	0.7797	0.9127
sub-0001_task-thermalactive_run-1_eeg	sub-0001	derived	124	3	5	13	6	6.11	-0.58	27.2	5.66	0.96462	0.19674	0.8621	1.0	1.0	1.0	1.0	1.0	0.8967	0.9699	0.7136	0.9363
sub-0001_task-thermalactive_run-1_eeg	sub-0001	derived_w20fit	124	2	9	17	9	2.52	-0.01	21.23	7.78	0.85976	0.38111	0.1418	0.1418	1.0	1.0	1.0	1.0	0.9314	0.9634	0.7822	0.925
sub-0003_task-thermalactive_run-2_eeg	sub-0003	notching	0	3	34	13	2	7.98	-1.16	23.49	23.49	0.99399	0.06526	1.0	1.0	1.0	1.0	1.0	1.0	0.9275	0.9275	0.7575	0.7575
sub-0003_task-thermalactive_run-2_eeg	sub-0003	tuned	155	1	3	0	2	1.23	-0.09	16.67	1.03	0.99555	0.05617	1.0	1.0	1.0	1.0	1.0	1.0	0.9559	1.0	0.8083	0.9875
sub-0003_task-thermalactive_run-2_eeg	sub-0003	derived	109	3	10	13	2	4.94	-0.08	24.36	4.81	0.99456	0.06211	1.0	1.0	1.0	1.0	1.0	1.0	0.8941	0.9458	0.7526	0.9508
sub-0003_task-thermalactive_run-2_eeg	sub-0003	derived_w20fit	109	1	5	13	20	1.18	0.14	15.52	2.26	0.99662	0.04899	1.0	1.0	1.0	1.0	1.0	1.0	0.9471	1.0	0.8426	0.9753
sub-0001_task-thermalactive_run-2_eeg	sub-0001	notching	0	2	36	9	2	28.59	-0.19	21.7	21.7	0.98099	0.14171	1.0	1.0	1.0	1.0	1.0	1.0	0.9216	0.9216	0.7738	0.7738
sub-0001_task-thermalactive_run-2_eeg	sub-0001	tuned	149	0	1	1	0	5.41	-0.15	15.51	0.31	0.98273	0.13514	1.0	1.0	1.0	1.0	1.0	1.0	0.9294	1.0	0.8324	0.9938
sub-0001_task-thermalactive_run-2_eeg	sub-0001	derived	111	3	6	14	3	8.53	-0.08	25.03	3.77	0.98038	0.14394	1.0	1.0	1.0	1.0	1.0	1.0	0.9059	1.0	0.7462	0.941
sub-0001_task-thermalactive_run-2_eeg	sub-0001	derived_w20fit	111	1	8	16	18	1.8	0.22	17.44	5.29	0.98248	0.1361	1.0	1.0	1.0	1.0	1.0	1.0	0.9346	0.9699	0.8101	0.9227
sub-0003_task-thermalactive_run-1_eeg	sub-0003	notching	0	5	33	16	0	34.53	-0.62	27.59	27.59	0.99441	0.06729	1.0	1.0	1.0	1.0	1.0	1.0	0.9157	0.9157	0.6894	0.6894
sub-0003_task-thermalactive_run-1_eeg	sub-0003	tuned	147	2	9	13	3	5.84	0.11	20.97	8.6	0.99597	0.05717	1.0	1.0	1.0	1.0	1.0	1.0	0.9529	1.0	0.7531	0.9049
sub-0003_task-thermalactive_run-1_eeg	sub-0003	derived	114	2	10	11	10	2.27	-0.41	26.62	5.01	0.99527	0.06193	1.0	1.0	1.0	1.0	1.0	1.0	0.8824	0.9523	0.7092	0.9466
sub-0003_task-thermalactive_run-1_eeg	sub-0003	derived_w20fit	114	1	6	18	27	1.76	0.5	18.23	4.87	0.99706	0.04887	1.0	1.0	1.0	1.0	1.0	1.0	0.9353	1.0	0.7894	0.929
sub-0001_task-thermalactive_run-5_eeg	sub-0001	notching	0	4	32	13	1	32.41	-0.14	24.64	24.64	0.9931	0.09861	1.0	1.0	1.0	1.0	1.0	1.0	0.9216	0.9216	0.7312	0.7312
sub-0001_task-thermalactive_run-5_eeg	sub-0001	tuned	159	3	13	5	0	5.84	-0.41	18.88	6.69	0.99368	0.09436	1.0	1.0	1.0	1.0	1.0	1.0	0.9229	0.9817	0.7818	0.9077
sub-0001_task-thermalactive_run-5_eeg	sub-0001	derived	115	2	7	15	10	3.32	-0.28	25.08	3.58	0.99315	0.09821	1.0	1.0	1.0	1.0	1.0	1.0	0.9059	1.0	0.7393	0.9468
sub-0001_task-thermalactive_run-5_eeg	sub-0001	derived_w20fit	115	1	6	13	2	3.78	-0.02	18.04	4.07	0.99399	0.09199	1.0	1.0	1.0	1.0	1.0	1.0	0.9412	1.0	0.7949	0.9319
sub-0001_task-thermalactive_run-4_eeg	sub-0001	notching	0	3	35	12	0	35.12	-0.04	27.52	27.52	0.93193	0.26369	0.4061	0.4061	0.5897	0.5897	1.0	1.0	0.9275	0.9275	0.7466	0.7466
sub-0001_task-thermalactive_run-4_eeg	sub-0001	tuned	165	1	6	1	0	6.53	0.0	16.86	2.47	0.98324	0.13255	1.0	1.0	1.0	1.0	1.0	1.0	0.9353	1.0	0.8186	0.9659
sub-0001_task-thermalactive_run-4_eeg	sub-0001	derived	118	2	5	13	8	2.75	-0.49	25.97	2.36	0.98026	0.14376	1.0	1.0	0.8974	1.0	1.0	1.0	0.9118	1.0	0.7373	0.9662
sub-0001_task-thermalactive_run-4_eeg	sub-0001	derived_w20fit	118	2	8	10	6	2.81	0.12	19.0	5.19	0.98221	0.13653	1.0	1.0	0.9487	1.0	1.0	1.0	0.9405	0.9758	0.7943	0.9259
sub-0001_task-thermalactive_run-6_eeg	sub-0001	notching	0	3	35	10	1	34.24	-1.07	29.09	29.09	0.96536	0.20803	1.0	1.0	1.0	1.0	1.0	1.0	0.7797	0.7797	0.7181	0.7181
sub-0001_task-thermalactive_run-6_eeg	sub-0001	tuned	156	2	10	5	0	10.0	-0.31	18.84	5.11	0.96903	0.19688	1.0	1.0	1.0	1.0	1.0	1.0	0.9382	1.0	0.7953	0.9354
sub-0001_task-thermalactive_run-6_eeg	sub-0001	derived	121	3	5	24	24	2.04	-0.55	28.77	7.08	0.96479	0.20974	1.0	1.0	1.0	1.0	1.0	1.0	0.8765	1.0	0.7061	0.9259
sub-0001_task-thermalactive_run-6_eeg	sub-0001	derived_w20fit	121	2	6	23	22	2.09	-0.1	20.24	6.37	0.96811	0.19973	1.0	1.0	1.0	1.0	1.0	1.0	0.9235	1.0	0.7789	0.9078
sub-0001_task-thermalactive_run-3_eeg	sub-0001	notching	0	3	36	7	1	33.52	-0.27	23.9	23.9	0.93336	0.23241	1.0	1.0	1.0	1.0	1.0	1.0	0.9399	0.9399	0.7261	0.7261
sub-0001_task-thermalactive_run-3_eeg	sub-0001	tuned	166	1	8	3	0	8.44	-0.19	17.73	3.04	0.93804	0.22437	1.0	1.0	1.0	1.0	1.0	1.0	0.9412	1.0	0.7963	0.9525
sub-0001_task-thermalactive_run-3_eeg	sub-0001	derived	120	3	7	14	16	1.89	-0.36	26.72	5.98	0.92965	0.23861	1.0	1.0	1.0	1.0	1.0	1.0	0.9294	1.0	0.7052	0.9176
sub-0001_task-thermalactive_run-3_eeg	sub-0001	derived_w20fit	120	1	9	9	8	2.1	0.05	19.22	5.5	0.93691	0.22634	1.0	1.0	1.0	1.0	1.0	1.0	0.9529	1.0	0.782	0.9341
sub-0003_task-thermalactive_run-4_eeg	sub-0003	notching	0	3	33	15	0	30.32	-0.31	23.58	23.58	0.99439	0.06331	1.0	1.0	1.0	1.0	1.0	1.0	0.9229	0.9229	0.7586	0.7586
sub-0003_task-thermalactive_run-4_eeg	sub-0003	tuned	158	1	4	0	0	2.01	-0.1	16.74	1.44	0.99563	0.05592	1.0	1.0	1.0	1.0	1.0	1.0	0.9288	0.9817	0.8061	0.9773
sub-0003_task-thermalactive_run-4_eeg	sub-0003	derived	107	3	6	14	14	1.95	0.03	24.31	3.97	0.9952	0.05859	1.0	1.0	1.0	1.0	1.0	1.0	0.9176	0.9699	0.7444	0.945
sub-0003_task-thermalactive_run-4_eeg	sub-0003	derived_w20fit	107	3	8	9	9	2.06	0.22	19.18	7.69	0.99599	0.05356	1.0	1.0	1.0	1.0	1.0	1.0	0.9346	0.9817	0.8027	0.923
sub-0003_task-thermalactive_run-3_eeg	sub-0003	notching	0	3	38	10	1	26.7	-0.11	27.22	27.22	0.99385	0.06265	1.0	1.0	1.0	1.0	1.0	1.0	0.9275	0.9275	0.6707	0.6707
sub-0003_task-thermalactive_run-3_eeg	sub-0003	tuned	150	2	5	10	5	15.61	-0.12	19.39	4.96	0.99532	0.05466	1.0	1.0	1.0	1.0	1.0	1.0	0.9252	0.9634	0.7511	0.9132
sub-0003_task-thermalactive_run-3_eeg	sub-0003	derived	125	3	8	13	13	1.63	-0.64	27.5	4.39	0.99476	0.05788	1.0	1.0	1.0	1.0	1.0	1.0	0.8941	0.9516	0.6885	0.949
sub-0003_task-thermalactive_run-3_eeg	sub-0003	derived_w20fit	125	2	7	8	13	1.55	-0.1	20.2	5.78	0.996	0.05054	1.0	1.0	1.0	1.0	1.0	1.0	0.9405	0.9817	0.754	0.9087
sub-0004_task-thermalactive_run-3_eeg	sub-0004	notching	0	3	33	7	0	29.67	-0.18	21.18	21.18	0.99652	0.05698	1.0	1.0	1.0	1.0	1.0	1.0	0.9092	0.9092	0.7969	0.7969
sub-0004_task-thermalactive_run-3_eeg	sub-0004	tuned	125	2	5	1	1	2.08	0.19	16.2	4.26	0.99773	0.04602	1.0	1.0	1.0	1.0	1.0	1.0	0.9412	1.0	0.8133	0.9454
sub-0004_task-thermalactive_run-3_eeg	sub-0004	derived	94	2	6	9	9	2.13	0.26	23.37	5.03	0.9971	0.05198	1.0	1.0	1.0	1.0	1.0	1.0	0.8673	0.9758	0.7675	0.9633
sub-0004_task-thermalactive_run-3_eeg	sub-0004	derived_w20fit	94	2	8	7	5	2.22	0.28	15.18	4.39	0.99822	0.04077	1.0	1.0	1.0	1.0	1.0	1.0	0.9353	1.0	0.8348	0.9408
sub-0004_task-thermalactive_run-1_eeg	sub-0004	notching	0	3	31	10	0	29.77	0.08	22.69	22.69	0.99758	0.05905	1.0	1.0	1.0	1.0	1.0	1.0	0.9458	0.9458	0.7464	0.7464
sub-0004_task-thermalactive_run-1_eeg	sub-0004	tuned	153	2	6	1	0	3.55	-0.13	17.34	3.37	0.99827	0.04988	1.0	1.0	1.0	1.0	1.0	1.0	0.9353	1.0	0.783	0.947
sub-0004_task-thermalactive_run-1_eeg	sub-0004	derived	101	2	10	15	12	4.05	0.23	24.93	8.12	0.99789	0.05523	1.0	1.0	1.0	1.0	1.0	1.0	0.9353	1.0	0.7457	0.9419
sub-0004_task-thermalactive_run-1_eeg	sub-0004	derived_w20fit	101	1	9	12	18	1.67	0.59	14.94	3.5	0.9988	0.0416	1.0	1.0	1.0	1.0	1.0	1.0	0.9588	1.0	0.8395	0.9733
sub-0003_task-thermalactive_run-5_eeg	sub-0003	notching	0	3	38	11	1	32.64	-3.43	27.93	27.93	0.99295	0.06686	1.0	1.0	1.0	1.0	1.0	1.0	0.9098	0.9098	0.6506	0.6506
sub-0003_task-thermalactive_run-5_eeg	sub-0003	tuned	173	2	5	2	2	1.82	-0.19	19.23	3.56	0.99435	0.05985	1.0	1.0	1.0	1.0	1.0	1.0	0.9163	0.9516	0.7764	0.9615
sub-0003_task-thermalactive_run-5_eeg	sub-0003	derived	127	3	8	15	15	2.03	-1.52	28.21	5.49	0.99425	0.0604	1.0	1.0	1.0	1.0	1.0	1.0	0.8824	0.9699	0.6845	0.9348
sub-0003_task-thermalactive_run-5_eeg	sub-0003	derived_w20fit	127	2	7	10	19	1.57	0.1	18.73	3.48	0.99559	0.05292	1.0	1.0	1.0	1.0	1.0	1.0	0.9052	0.9575	0.7954	0.9693
sub-0004_task-thermalactive_run-2_eeg	sub-0004	notching	0	3	33	11	0	34.87	-0.09	22.36	22.36	0.99666	0.05928	1.0	1.0	1.0	1.0	1.0	1.0	0.9275	0.9275	0.7624	0.7624
sub-0004_task-thermalactive_run-2_eeg	sub-0004	tuned	152	2	8	1	0	2.03	0.01	17.67	3.69	0.99753	0.05101	1.0	1.0	1.0	1.0	1.0	1.0	0.9258	0.9758	0.781	0.955
sub-0004_task-thermalactive_run-2_eeg	sub-0004	derived	109	3	6	16	16	1.9	0.19	25.48	6.38	0.99717	0.05461	1.0	1.0	1.0	1.0	1.0	1.0	0.9118	1.0	0.7286	0.9604
sub-0004_task-thermalactive_run-2_eeg	sub-0004	derived_w20fit	109	2	8	11	16	1.74	0.24	16.27	3.59	0.99827	0.04265	1.0	1.0	1.0	1.0	1.0	1.0	0.9346	0.9758	0.8192	0.9795
sub-0003_task-thermalactive_run-6_eeg	sub-0003	notching	0	3	39	14	0	34.43	-2.29	28.04	28.04	0.99279	0.05725	1.0	1.0	1.0	1.0	1.0	1.0	0.9458	0.9458	0.6631	0.6631
sub-0003_task-thermalactive_run-6_eeg	sub-0003	tuned	155	1	8	1	2	1.62	-0.07	19.38	5.19	0.9944	0.05049	1.0	1.0	1.0	1.0	1.0	1.0	0.9647	1.0	0.7442	0.9115
sub-0003_task-thermalactive_run-6_eeg	sub-0003	derived	127	3	6	22	23	1.69	-0.67	28.8	6.07	0.99362	0.05389	1.0	1.0	1.0	1.0	1.0	1.0	0.9235	0.9582	0.6747	0.9595
sub-0003_task-thermalactive_run-6_eeg	sub-0003	derived_w20fit	127	3	8	54	61	1.62	0.53	21.36	7.69	0.99546	0.04547	1.0	1.0	1.0	1.0	1.0	1.0	0.9588	1.0	0.7548	0.9105
sub-0004_task-thermalactive_run-4_eeg	sub-0004	notching	0	2	41	8	4	2.39	0.12	19.06	19.06	0.99758	0.04372	1.0	1.0	1.0	1.0	1.0	1.0	0.9392	0.9392	0.7847	0.7847
sub-0004_task-thermalactive_run-4_eeg	sub-0004	tuned	147	2	8	4	3	2.27	-0.03	19.91	6.44	0.99791	0.04069	1.0	1.0	1.0	1.0	1.0	1.0	0.8935	0.9582	0.766	0.9257
sub-0004_task-thermalactive_run-4_eeg	sub-0004	derived	99	2	10	12	7	2.26	0.35	24.69	4.71	0.99784	0.04136	1.0	1.0	1.0	1.0	1.0	1.0	0.9085	0.9817	0.7292	0.9448
sub-0004_task-thermalactive_run-4_eeg	sub-0004	derived_w20fit	99	1	9	17	10	2.25	0.78	17.19	5.4	0.99842	0.03533	1.0	1.0	1.0	1.0	1.0	1.0	0.934	0.9634	0.7927	0.9207
sub-0004_task-thermalactive_run-6_eeg	sub-0004	notching	0	2	37	11	0	28.96	-0.18	20.12	20.12	0.99737	0.03605	1.0	1.0	1.0	1.0	1.0	1.0	0.9275	0.9275	0.7943	0.7943
sub-0004_task-thermalactive_run-6_eeg	sub-0004	tuned	119	3	9	6	3	2.59	0.18	17.44	5.6	0.99794	0.03192	1.0	1.0	1.0	1.0	1.0	1.0	0.9265	1.0	0.8016	0.9408
sub-0004_task-thermalactive_run-6_eeg	sub-0004	derived	88	2	11	8	6	2.62	0.18	24.31	4.82	0.99779	0.03305	1.0	1.0	1.0	1.0	1.0	1.0	0.9118	1.0	0.7328	0.9363
sub-0004_task-thermalactive_run-6_eeg	sub-0004	derived_w20fit	88	1	11	14	4	3.65	0.77	16.24	6.22	0.99845	0.0277	1.0	1.0	1.0	1.0	1.0	1.0	0.9471	1.0	0.8359	0.9588
sub-0005_task-thermalactive_run-1_eeg	sub-0005	notching	0	2	26	7	1	5.26	0.35	15.69	15.69	0.99012	0.09609	1.0	1.0	1.0	1.0	1.0	1.0	0.9157	0.9157	0.8105	0.8105
sub-0005_task-thermalactive_run-1_eeg	sub-0005	tuned	86	1	6	0	0	3.03	0.25	13.55	4.57	0.99259	0.08324	1.0	1.0	1.0	1.0	1.0	1.0	0.9049	0.9634	0.8232	0.9272
sub-0005_task-thermalactive_run-1_eeg	sub-0005	derived	73	2	8	5	6	1.77	0.36	17.7	3.29	0.99187	0.08722	1.0	1.0	1.0	1.0	1.0	1.0	0.8725	0.9634	0.8101	0.969
sub-0005_task-thermalactive_run-1_eeg	sub-0005	derived_w20fit	73	2	7	6	6	2.02	0.37	13.0	4.98	0.99384	0.07594	1.0	1.0	1.0	1.0	1.0	1.0	0.9229	0.9575	0.8452	0.9292
sub-0004_task-thermalactive_run-5_eeg	sub-0004	notching	0	3	32	4	1	4.0	0.2	16.96	16.96	0.99978	0.01914	1.0	1.0	1.0	1.0	1.0	1.0	0.9699	0.9699	0.8199	0.8199
sub-0004_task-thermalactive_run-5_eeg	sub-0004	tuned	133	1	5	0	0	3.55	0.03	14.6	2.41	0.99983	0.01683	1.0	1.0	1.0	1.0	1.0	1.0	0.9376	0.9817	0.8379	0.958
sub-0004_task-thermalactive_run-5_eeg	sub-0004	derived	92	2	9	4	6	1.79	0.27	21.5	3.7	0.9998	0.01827	1.0	1.0	1.0	1.0	1.0	1.0	0.9647	1.0	0.7751	0.9588
sub-0004_task-thermalactive_run-5_eeg	sub-0004	derived_w20fit	92	3	4	3	2	3.38	0.36	14.24	2.74	0.99988	0.01403	1.0	1.0	1.0	1.0	1.0	1.0	0.9765	1.0	0.849	0.9693
sub-0005_task-thermalactive_run-2_eeg	sub-0005	notching	0	2	38	11	4	5.17	-0.54	24.12	24.12	0.99081	0.08436	1.0	1.0	1.0	1.0	1.0	1.0	0.8438	0.8438	0.7252	0.7252
sub-0005_task-thermalactive_run-2_eeg	sub-0005	tuned	141	1	7	1	2	1.9	-0.02	19.12	5.98	0.9933	0.07209	1.0	1.0	1.0	1.0	1.0	1.0	0.9	1.0	0.7646	0.8989
sub-0005_task-thermalactive_run-2_eeg	sub-0005	derived	110	2	8	6	6	2.04	-0.71	27.23	5.69	0.99196	0.07894	1.0	1.0	1.0	1.0	1.0	1.0	0.8	0.9523	0.7079	0.931
sub-0005_task-thermalactive_run-2_eeg	sub-0005	derived_w20fit	110	1	8	10	19	1.65	0.41	19.46	7.39	0.99411	0.06757	1.0	1.0	1.0	1.0	1.0	1.0	0.8699	0.9575	0.8052	0.9241
sub-0005_task-thermalactive_run-4_eeg	sub-0005	notching	0	3	32	14	1	18.25	-0.09	19.86	19.86	0.99485	0.06011	1.0	1.0	1.0	1.0	1.0	1.0	0.8856	0.8856	0.764	0.764
sub-0005_task-thermalactive_run-4_eeg	sub-0005	tuned	116	2	5	3	3	2.81	0.17	18.44	6.41	0.99582	0.05421	1.0	1.0	1.0	1.0	1.0	1.0	0.8788	0.9552	0.7864	0.9234
sub-0005_task-thermalactive_run-4_eeg	sub-0005	derived	88	2	10	11	9	2.63	0.26	22.7	4.11	0.99581	0.05424	1.0	1.0	1.0	1.0	1.0	1.0	0.8497	0.9817	0.7519	0.9588
sub-0005_task-thermalactive_run-4_eeg	sub-0005	derived_w20fit	88	1	9	10	8	2.44	0.42	15.43	5.7	0.99696	0.04622	1.0	1.0	1.0	1.0	1.0	1.0	0.9085	0.9758	0.8167	0.9167
sub-0005_task-thermalactive_run-3_eeg	sub-0005	notching	0	3	31	11	1	24.94	-0.29	21.16	21.16	0.99153	0.07388	1.0	1.0	1.0	1.0	1.0	1.0	0.8673	0.8673	0.7871	0.7871
sub-0005_task-thermalactive_run-3_eeg	sub-0005	tuned	123	2	3	7	1	18.62	-0.0	17.38	5.23	0.99354	0.06453	1.0	1.0	1.0	1.0	1.0	1.0	0.9	1.0	0.774	0.8951
sub-0005_task-thermalactive_run-3_eeg	sub-0005	derived	91	3	9	12	6	3.7	0.14	23.3	5.47	0.99307	0.06687	1.0	1.0	1.0	1.0	1.0	1.0	0.8412	1.0	0.7575	0.9401
sub-0005_task-thermalactive_run-3_eeg	sub-0005	derived_w20fit	91	2	9	12	10	2.23	0.29	16.52	5.7	0.99479	0.058	1.0	1.0	1.0	1.0	1.0	1.0	0.8876	0.9634	0.8096	0.9065
sub-0006_task-thermalactive_run-2_eeg	sub-0006	notching	0	1	21	9	4	2.47	0.09	10.23	10.23	0.98907	0.09511	1.0	1.0	1.0	1.0	1.0	1.0	0.9634	0.9634	0.8693	0.8693
sub-0006_task-thermalactive_run-2_eeg	sub-0006	tuned	61	2	4	11	2	39.64	0.11	18.19	10.04	0.98772	0.10076	1.0	1.0	1.0	1.0	1.0	1.0	0.9353	1.0	0.8753	0.9875
sub-0006_task-thermalactive_run-2_eeg	sub-0006	derived	40	1	5	7	7	2.05	0.38	11.47	1.66	0.99192	0.0818	1.0	1.0	1.0	1.0	1.0	1.0	0.9438	0.9817	0.8655	0.9731
sub-0006_task-thermalactive_run-2_eeg	sub-0006	derived_w20fit	40	1	5	10	2	2.76	0.41	9.38	3.76	0.99316	0.07529	1.0	1.0	1.0	1.0	1.0	1.0	0.9614	0.9817	0.9156	0.9773
sub-0006_task-thermalactive_run-1_eeg	sub-0006	notching	0	1	22	17	1	36.16	0.19	14.64	14.64	0.99355	0.06459	1.0	1.0	1.0	1.0	1.0	1.0	0.9634	0.9634	0.8528	0.8528
sub-0006_task-thermalactive_run-1_eeg	sub-0006	tuned	67	2	8	6	0	18.32	0.11	16.18	7.99	0.99427	0.06088	1.0	1.0	1.0	1.0	1.0	1.0	0.9405	0.9817	0.8106	0.9247
sub-0006_task-thermalactive_run-1_eeg	sub-0006	derived	42	2	5	17	5	3.33	0.57	15.54	5.76	0.99492	0.05734	1.0	1.0	1.0	1.0	1.0	1.0	0.9529	0.9817	0.8265	0.9412
sub-0006_task-thermalactive_run-1_eeg	sub-0006	derived_w20fit	42	1	5	15	4	2.96	0.62	6.92	1.66	0.99707	0.04356	1.0	1.0	1.0	1.0	1.0	1.0	0.9699	0.9817	0.9152	0.9731
sub-0005_task-thermalactive_run-6_eeg	sub-0005	notching	0	2	39	11	2	7.36	-0.4	22.93	22.93	0.99324	0.05338	1.0	1.0	1.0	1.0	1.0	1.0	0.8732	0.8732	0.7105	0.7105
sub-0005_task-thermalactive_run-6_eeg	sub-0005	tuned	127	2	9	8	5	18.25	0.0	19.13	7.8	0.99462	0.04763	1.0	1.0	1.0	1.0	1.0	1.0	0.8716	0.9363	0.7537	0.8819
sub-0005_task-thermalactive_run-6_eeg	sub-0005	derived	108	2	8	5	5	2.66	-0.05	25.21	4.09	0.99431	0.04896	1.0	1.0	1.0	1.0	1.0	1.0	0.8294	0.9641	0.7083	0.9528
sub-0005_task-thermalactive_run-6_eeg	sub-0005	derived_w20fit	108	1	10	11	7	2.47	0.29	17.81	6.31	0.99575	0.04236	1.0	1.0	1.0	1.0	1.0	1.0	0.8928	0.9516	0.776	0.9065
sub-0005_task-thermalactive_run-5_eeg	sub-0005	notching	0	3	34	13	2	21.41	0.0	22.68	22.68	0.99238	0.0547	1.0	1.0	1.0	1.0	1.0	1.0	0.8255	0.8255	0.7326	0.7326
sub-0005_task-thermalactive_run-5_eeg	sub-0005	tuned	140	2	8	5	1	2.59	0.29	18.58	5.34	0.99411	0.04812	1.0	1.0	1.0	1.0	1.0	1.0	0.8402	0.9137	0.7858	0.9451
sub-0005_task-thermalactive_run-5_eeg	sub-0005	derived	113	2	11	12	10	2.26	0.06	25.81	4.72	0.99334	0.05115	1.0	1.0	1.0	1.0	1.0	1.0	0.7824	0.9699	0.7301	0.963
sub-0005_task-thermalactive_run-5_eeg	sub-0005	derived_w20fit	113	3	10	23	23	1.98	0.67	18.77	6.51	0.99531	0.04295	1.0	1.0	1.0	1.0	1.0	1.0	0.8582	0.9516	0.782	0.9129
sub-0006_task-thermalactive_run-4_eeg	sub-0006	notching	0	3	32	18	0	25.46	-2.45	23.3	23.3	0.99357	0.05835	1.0	1.0	1.0	1.0	1.0	1.0	0.9817	0.9817	0.703	0.703
sub-0006_task-thermalactive_run-4_eeg	sub-0006	tuned	154	1	14	0	0	3.21	-0.59	19.14	6.06	0.99421	0.05537	1.0	1.0	1.0	1.0	1.0	1.0	0.9438	0.9817	0.7414	0.9056
sub-0006_task-thermalactive_run-4_eeg	sub-0006	derived	103	3	8	19	14	2.92	0.18	23.27	3.49	0.99422	0.05533	1.0	1.0	1.0	1.0	1.0	1.0	0.9765	0.9817	0.7003	0.9731
sub-0006_task-thermalactive_run-4_eeg	sub-0006	derived_w20fit	103	1	3	38	32	2.33	1.02	14.27	1.43	0.99584	0.04694	1.0	1.0	1.0	1.0	1.0	1.0	0.9817	0.9817	0.8105	0.9775
sub-0006_task-thermalactive_run-3_eeg	sub-0006	notching	0	3	33	19	1	34.47	-0.15	25.06	25.06	0.99219	0.07113	1.0	1.0	1.0	1.0	1.0	1.0	0.9699	0.9699	0.7074	0.7074
sub-0006_task-thermalactive_run-3_eeg	sub-0006	tuned	165	1	12	5	2	3.02	-0.54	20.78	6.98	0.99193	0.07231	1.0	1.0	1.0	1.0	1.0	1.0	0.8876	0.9817	0.7217	0.889
sub-0006_task-thermalactive_run-3_eeg	sub-0006	derived	111	3	7	25	4	7.99	-0.47	27.69	7.97	0.99241	0.07016	1.0	1.0	1.0	1.0	1.0	1.0	0.9647	1.0	0.6473	0.8989
sub-0006_task-thermalactive_run-3_eeg	sub-0006	derived_w20fit	111	2	6	53	50	2.19	1.25	18.27	5.07	0.99398	0.06248	1.0	1.0	1.0	1.0	1.0	1.0	0.9765	1.0	0.7851	0.959
sub-0006_task-thermalactive_run-5_eeg	sub-0006	notching	0	3	40	19	1	26.2	-2.16	24.86	24.86	0.9925	0.0668	1.0	1.0	1.0	1.0	1.0	1.0	0.8967	0.8967	0.6972	0.6972
sub-0006_task-thermalactive_run-5_eeg	sub-0006	tuned	159	3	19	3	1	2.87	-0.57	21.81	10.26	0.99236	0.06744	1.0	1.0	1.0	1.0	1.0	1.0	0.851	0.8804	0.7168	0.8651
sub-0006_task-thermalactive_run-5_eeg	sub-0006	derived	110	2	9	22	19	2.99	-0.51	26.17	3.4	0.99318	0.06371	1.0	1.0	1.0	1.0	1.0	1.0	0.8706	0.9817	0.664	0.9463
sub-0006_task-thermalactive_run-5_eeg	sub-0006	derived_w20fit	110	2	10	67	59	2.23	1.7	18.92	6.11	0.99451	0.05717	1.0	1.0	1.0	1.0	1.0	1.0	0.9163	0.9634	0.7931	0.965
sub-0006_task-thermalactive_run-6_eeg	sub-0006	notching	0	4	32	23	3	25.8	-0.11	28.2	28.2	0.9482	0.15066	0.2031	0.2031	1.0	1.0	1.0	1.0	0.9333	0.9333	0.7036	0.7036
sub-0006_task-thermalactive_run-6_eeg	sub-0006	tuned	161	2	14	6	1	2.76	-0.69	20.06	7.51	0.98801	0.07321	0.8927	0.8927	1.0	1.0	1.0	1.0	0.8928	0.9516	0.7415	0.8878
sub-0006_task-thermalactive_run-6_eeg	sub-0006	derived	106	2	13	22	14	2.79	-0.33	25.94	5.24	0.98856	0.07154	0.8352	1.0	1.0	1.0	1.0	1.0	0.9176	1.0	0.6787	0.9259
sub-0006_task-thermalactive_run-6_eeg	sub-0006	derived_w20fit	106	1	11	78	62	2.8	2.35	15.08	3.82	0.99319	0.05528	0.9042	1.0	1.0	1.0	1.0	1.0	0.9431	0.9634	0.8165	0.9753
sub-0007_task-thermalactive_run-1_eeg	sub-0007	notching	0	3	37	5	5	1.87	0.16	19.81	19.81	0.99475	0.0718	1.0	1.0	1.0	1.0	1.0	1.0	0.9092	0.9092	0.7671	0.7671
sub-0007_task-thermalactive_run-1_eeg	sub-0007	tuned	134	3	2	0	2	1.51	0.33	15.12	1.67	0.99631	0.06021	1.0	1.0	1.0	1.0	1.0	1.0	0.9141	0.9817	0.8164	0.9727
sub-0007_task-thermalactive_run-1_eeg	sub-0007	derived	100	3	7	14	9	5.61	0.2	25.44	6.79	0.99533	0.0677	1.0	1.0	1.0	1.0	1.0	1.0	0.8882	1.0	0.7275	0.9564
sub-0007_task-thermalactive_run-1_eeg	sub-0007	derived_w20fit	100	3	8	9	15	1.57	0.36	17.58	6.69	0.99661	0.0577	1.0	1.0	1.0	1.0	1.0	1.0	0.9353	1.0	0.8047	0.939
sub-0007_task-thermalactive_run-2_eeg	sub-0007	notching	0	3	37	9	2	16.42	-0.41	23.01	23.01	0.99591	0.06957	1.0	1.0	1.0	1.0	1.0	1.0	0.9216	0.9216	0.7368	0.7368
sub-0007_task-thermalactive_run-2_eeg	sub-0007	tuned	159	2	4	0	0	2.04	-0.16	17.49	2.79	0.9967	0.06251	1.0	1.0	1.0	1.0	1.0	1.0	0.9265	1.0	0.78	0.9522
sub-0007_task-thermalactive_run-2_eeg	sub-0007	derived	118	2	3	8	8	2.04	-0.6	24.93	1.53	0.99646	0.06472	1.0	1.0	1.0	1.0	1.0	1.0	0.9059	1.0	0.7148	0.9795
sub-0007_task-thermalactive_run-2_eeg	sub-0007	derived_w20fit	118	1	8	8	8	2.07	0.45	16.66	3.59	0.99745	0.05494	1.0	1.0	1.0	1.0	1.0	1.0	0.9412	1.0	0.8154	0.9733
sub-0007_task-thermalactive_run-3_eeg	sub-0007	notching	0	3	33	16	0	29.15	0.07	23.18	23.18	0.99678	0.06351	1.0	1.0	1.0	1.0	1.0	1.0	0.9157	0.9157	0.7444	0.7444
sub-0007_task-thermalactive_run-3_eeg	sub-0007	tuned	158	2	5	2	1	2.68	-0.22	17.36	3.16	0.99719	0.05933	1.0	1.0	1.0	1.0	1.0	1.0	0.917	0.9817	0.7841	0.9575
sub-0007_task-thermalactive_run-3_eeg	sub-0007	derived	114	2	6	15	13	2.45	-0.19	25.26	4.47	0.99708	0.06051	1.0	1.0	1.0	1.0	1.0	1.0	0.9	1.0	0.7165	0.967
sub-0007_task-thermalactive_run-3_eeg	sub-0007	derived_w20fit	114	2	7	25	14	2.53	0.51	18.01	6.09	0.99783	0.05219	1.0	1.0	1.0	1.0	1.0	1.0	0.9353	1.0	0.8196	0.9786
sub-0007_task-thermalactive_run-4_eeg	sub-0007	notching	0	2	38	12	0	20.79	0.04	21.03	21.03	0.99683	0.06312	1.0	1.0	1.0	1.0	1.0	1.0	0.9275	0.9275	0.7635	0.7635
sub-0007_task-thermalactive_run-4_eeg	sub-0007	tuned	141	3	3	5	3	5.29	-0.03	18.48	5.73	0.99729	0.05837	1.0	1.0	1.0	1.0	1.0	1.0	0.9199	0.9817	0.7491	0.8913
sub-0007_task-thermalactive_run-4_eeg	sub-0007	derived	103	2	6	16	6	9.24	0.14	25.56	5.49	0.99716	0.05979	1.0	1.0	1.0	1.0	1.0	1.0	0.9118	1.0	0.7143	0.9764
sub-0007_task-thermalactive_run-4_eeg	sub-0007	derived_w20fit	103	1	4	14	14	1.98	0.4	16.34	3.94	0.99806	0.04935	1.0	1.0	1.0	1.0	1.0	1.0	0.9471	1.0	0.8152	0.9775
sub-0007_task-thermalactive_run-5_eeg	sub-0007	notching	0	3	38	15	0	24.74	0.02	22.84	22.84	0.99838	0.04664	1.0	1.0	1.0	1.0	1.0	1.0	0.9157	0.9157	0.7715	0.7715
sub-0007_task-thermalactive_run-5_eeg	sub-0007	tuned	159	2	10	2	0	4.8	-0.09	18.51	5.21	0.99843	0.04592	1.0	1.0	1.0	1.0	1.0	1.0	0.8752	0.9399	0.7866	0.9469
sub-0007_task-thermalactive_run-5_eeg	sub-0007	derived	114	2	5	12	12	2.07	-0.84	25.61	2.56	0.99848	0.04514	1.0	1.0	1.0	1.0	1.0	1.0	0.9	1.0	0.7223	0.9733
sub-0007_task-thermalactive_run-5_eeg	sub-0007	derived_w20fit	114	2	12	34	6	11.77	0.68	18.87	8.24	0.99878	0.04043	1.0	1.0	1.0	1.0	1.0	1.0	0.9353	1.0	0.8147	0.9497
sub-0007_task-thermalactive_run-6_eeg	sub-0007	notching	0	3	38	18	0	31.0	-0.08	28.57	28.57	0.99755	0.04904	1.0	1.0	1.0	1.0	1.0	1.0	0.8856	0.8856	0.6711	0.6711
sub-0007_task-thermalactive_run-6_eeg	sub-0007	tuned	177	2	8	6	1	3.42	-0.2	22.13	8.19	0.99776	0.04689	1.0	1.0	1.0	1.0	1.0	1.0	0.8846	0.9523	0.7444	0.9057
sub-0007_task-thermalactive_run-6_eeg	sub-0007	derived	130	2	6	24	14	3.66	-1.2	29.82	6.28	0.99772	0.04729	1.0	1.0	1.0	1.0	1.0	1.0	0.8471	0.9641	0.6896	0.9806
sub-0007_task-thermalactive_run-6_eeg	sub-0007	derived_w20fit	130	3	12	37	14	3.34	0.65	22.13	9.13	0.99818	0.04233	1.0	1.0	1.0	1.0	1.0	1.0	0.9052	0.9699	0.7551	0.9147
sub-0008_task-thermalactive_run-1_eeg	sub-0008	notching	0	3	39	14	0	38.53	-0.34	24.93	24.93	0.98674	0.08773	1.0	1.0	1.0	1.0	1.0	1.0	0.9516	0.9516	0.7063	0.7063
sub-0008_task-thermalactive_run-1_eeg	sub-0008	tuned	174	2	10	5	1	3.01	-0.39	21.11	6.31	0.98769	0.08455	1.0	1.0	1.0	1.0	1.0	1.0	0.9147	1.0	0.7416	0.927
sub-0008_task-thermalactive_run-1_eeg	sub-0008	derived	124	2	11	17	16	2.15	-1.26	28.5	4.32	0.98664	0.08806	1.0	1.0	1.0	1.0	1.0	1.0	0.9203	0.9699	0.6635	0.9443
sub-0008_task-thermalactive_run-1_eeg	sub-0008	derived_w20fit	124	2	18	35	32	2.08	0.98	22.73	12.28	0.9897	0.07736	1.0	1.0	1.0	1.0	1.0	1.0	0.9647	1.0	0.7433	0.892
sub-0008_task-thermalactive_run-2_eeg	sub-0008	notching	0	4	35	21	0	34.43	-0.09	30.2	30.2	0.98508	0.07929	1.0	1.0	1.0	1.0	1.0	1.0	0.9399	0.9399	0.6437	0.6437
sub-0008_task-thermalactive_run-2_eeg	sub-0008	tuned	186	2	16	5	0	3.36	-0.43	22.72	8.58	0.98525	0.07883	1.0	1.0	1.0	1.0	1.0	1.0	0.9118	1.0	0.7125	0.8828
sub-0008_task-thermalactive_run-2_eeg	sub-0008	derived	139	1	9	19	17	2.34	-5.86	29.77	3.7	0.98514	0.07913	1.0	1.0	1.0	1.0	1.0	1.0	0.9085	0.9758	0.6482	0.9526
sub-0008_task-thermalactive_run-2_eeg	sub-0008	derived_w20fit	139	2	19	45	40	2.22	1.28	23.08	11.61	0.98833	0.07018	1.0	1.0	1.0	1.0	1.0	1.0	0.9529	1.0	0.7308	0.894
sub-0008_task-thermalactive_run-3_eeg	sub-0008	notching	0	3	41	16	2	17.39	-6.35	26.76	26.76	0.98481	0.06636	1.0	1.0	1.0	1.0	1.0	1.0	0.9575	0.9575	0.656	0.656
sub-0008_task-thermalactive_run-3_eeg	sub-0008	tuned	172	2	18	10	2	3.01	-0.32	23.13	9.5	0.98466	0.0667	1.0	1.0	1.0	1.0	1.0	1.0	0.9118	1.0	0.7178	0.895
sub-0008_task-thermalactive_run-3_eeg	sub-0008	derived	132	4	11	41	3	18.09	-1.08	31.83	8.12	0.98489	0.0662	1.0	1.0	1.0	1.0	1.0	1.0	0.9203	0.9699	0.6179	0.8945
sub-0008_task-thermalactive_run-3_eeg	sub-0008	derived_w20fit	132	3	19	63	61	2.35	1.25	22.7	10.91	0.98755	0.06014	1.0	1.0	1.0	1.0	1.0	1.0	0.9641	0.9758	0.7161	0.88
sub-0008_task-thermalactive_run-4_eeg	sub-0008	notching	0	3	47	17	1	30.27	-20.59	28.12	28.12	0.91799	0.15154	0.6284	0.6284	0.9345	0.9345	1.0	1.0	0.9516	0.9516	0.666	0.666
sub-0008_task-thermalactive_run-4_eeg	sub-0008	tuned	183	3	16	15	5	5.67	-0.15	25.55	12.98	0.90087	0.16587	0.2222	0.2222	0.9487	1.0	1.0	1.0	0.9235	1.0	0.7244	0.8996
sub-0008_task-thermalactive_run-4_eeg	sub-0008	derived	146	3	12	33	16	2.95	-4.9	33.6	5.93	0.93634	0.13416	0.5517	1.0	0.9231	1.0	1.0	1.0	0.917	0.9758	0.6217	0.9212
sub-0008_task-thermalactive_run-4_eeg	sub-0008	derived_w20fit	146	3	21	55	38	2.44	0.75	26.08	15.73	0.97049	0.09218	0.7241	1.0	0.9487	1.0	1.0	1.0	0.9647	1.0	0.7072	0.8724
sub-0008_task-thermalactive_run-5_eeg	sub-0008	notching	0	5	39	17	0	35.0	-0.28	28.56	28.56	0.98157	0.04852	1.0	1.0	1.0	1.0	1.0	1.0	0.9399	0.9399	0.6571	0.6571
sub-0008_task-thermalactive_run-5_eeg	sub-0008	tuned	177	4	20	6	1	3.33	-0.39	23.96	11.47	0.98204	0.0479	1.0	1.0	1.0	1.0	1.0	1.0	0.9059	1.0	0.7336	0.9008
sub-0008_task-thermalactive_run-5_eeg	sub-0008	derived	131	2	9	35	13	4.53	-1.32	30.09	6.3	0.98227	0.04761	1.0	1.0	1.0	1.0	1.0	1.0	0.9294	1.0	0.6517	0.9343
sub-0008_task-thermalactive_run-5_eeg	sub-0008	derived_w20fit	131	2	21	38	36	2.27	0.79	22.58	11.43	0.98565	0.04286	1.0	1.0	1.0	1.0	1.0	1.0	0.9529	1.0	0.7344	0.8962
sub-0008_task-thermalactive_run-6_eeg	sub-0008	notching	0	3	38	15	0	28.71	-0.25	27.96	27.96	0.98245	0.04469	1.0	1.0	1.0	1.0	1.0	1.0	0.9458	0.9458	0.682	0.682
sub-0008_task-thermalactive_run-6_eeg	sub-0008	tuned	175	3	18	10	0	3.29	0.04	23.79	10.55	0.98213	0.04509	1.0	1.0	1.0	1.0	1.0	1.0	0.9118	1.0	0.7106	0.88
sub-0008_task-thermalactive_run-6_eeg	sub-0008	derived	137	2	11	30	11	4.5	-0.41	31.31	6.72	0.98165	0.04569	1.0	1.0	1.0	1.0	1.0	1.0	0.917	0.9817	0.6366	0.9414
sub-0008_task-thermalactive_run-6_eeg	sub-0008	derived_w20fit	137	3	14	68	56	2.56	1.28	22.54	8.56	0.98654	0.03918	1.0	1.0	1.0	1.0	1.0	1.0	0.9588	1.0	0.7279	0.9069
sub-0009_task-thermalactive_run-1_eeg	sub-0009	notching	0	5	39	8	0	31.56	-8.24	27.9	27.9	0.99685	0.0673	1.0	1.0	1.0	1.0	1.0	1.0	0.9399	0.9399	0.674	0.674
sub-0009_task-thermalactive_run-1_eeg	sub-0009	tuned	176	2	10	0	14	1.26	-0.51	19.39	5.51	0.99751	0.05978	1.0	1.0	1.0	1.0	1.0	1.0	0.95	1.0	0.7739	0.954
sub-0009_task-thermalactive_run-1_eeg	sub-0009	derived	134	2	7	10	13	1.83	-6.33	28.91	3.68	0.99717	0.06373	1.0	1.0	1.0	1.0	1.0	1.0	0.9294	1.0	0.6491	0.9508
sub-0009_task-thermalactive_run-1_eeg	sub-0009	derived_w20fit	134	3	13	14	31	1.42	0.27	20.52	7.14	0.99786	0.05542	1.0	1.0	1.0	1.0	1.0	1.0	0.9529	1.0	0.7577	0.941
sub-0009_task-thermalactive_run-2_eeg	sub-0009	notching	0	3	41	10	0	34.15	-5.38	26.99	26.99	0.99275	0.07498	1.0	1.0	1.0	1.0	1.0	1.0	0.9399	0.9399	0.6934	0.6934
sub-0009_task-thermalactive_run-2_eeg	sub-0009	tuned	170	2	14	5	3	2.54	0.17	19.99	7.26	0.99357	0.07065	1.0	1.0	1.0	1.0	1.0	1.0	0.9471	1.0	0.7463	0.9165
sub-0009_task-thermalactive_run-2_eeg	sub-0009	derived	134	2	7	12	11	2.23	-6.18	28.6	3.58	0.99306	0.07341	1.0	1.0	1.0	1.0	1.0	1.0	0.9294	1.0	0.6673	0.9508
sub-0009_task-thermalactive_run-2_eeg	sub-0009	derived_w20fit	134	3	25	30	32	1.73	0.31	21.09	11.98	0.99428	0.06666	1.0	1.0	1.0	1.0	1.0	1.0	0.9529	1.0	0.7624	0.91
sub-0009_task-thermalactive_run-3_eeg	sub-0009	notching	0	3	44	11	0	28.84	-23.9	27.5	27.5	0.9913	0.07127	1.0	1.0	1.0	1.0	1.0	1.0	0.9216	0.9216	0.7005	0.7005
sub-0009_task-thermalactive_run-3_eeg	sub-0009	tuned	190	2	11	6	12	1.56	-0.49	21.65	6.62	0.99255	0.06598	1.0	1.0	1.0	1.0	1.0	1.0	0.9382	1.0	0.7177	0.9197
sub-0009_task-thermalactive_run-3_eeg	sub-0009	derived	143	2	9	13	21	1.34	-6.58	30.83	3.7	0.99172	0.06953	1.0	1.0	1.0	1.0	1.0	1.0	0.9059	1.0	0.6368	0.9546
sub-0009_task-thermalactive_run-3_eeg	sub-0009	derived_w20fit	143	1	25	22	33	1.22	-0.71	22.08	11.68	0.99335	0.06233	1.0	1.0	1.0	1.0	1.0	1.0	0.9412	1.0	0.7519	0.9158
sub-0009_task-thermalactive_run-5_eeg	sub-0009	notching	0	3	38	10	0	28.01	-2.44	25.13	25.13	0.997	0.05125	1.0	1.0	1.0	1.0	1.0	1.0	0.9399	0.9399	0.7415	0.7415
sub-0009_task-thermalactive_run-5_eeg	sub-0009	tuned	161	2	6	5	0	6.94	-0.23	17.84	4.02	0.99777	0.04421	1.0	1.0	1.0	1.0	1.0	1.0	0.9676	1.0	0.7793	0.9485
sub-0009_task-thermalactive_run-5_eeg	sub-0009	derived	116	2	8	21	15	2.67	-1.05	27.68	6.19	0.99726	0.04893	1.0	1.0	1.0	1.0	1.0	1.0	0.9294	1.0	0.6961	0.9448
sub-0009_task-thermalactive_run-5_eeg	sub-0009	derived_w20fit	116	1	8	28	1	6.17	0.5	17.48	3.49	0.99823	0.03937	1.0	1.0	1.0	1.0	1.0	1.0	0.9529	1.0	0.8034	0.9466
sub-0009_task-thermalactive_run-4_eeg	sub-0009	notching	0	4	38	15	0	28.32	-0.43	28.54	28.54	0.9941	0.05608	1.0	1.0	1.0	1.0	1.0	1.0	0.9399	0.9399	0.6769	0.6769
sub-0009_task-thermalactive_run-4_eeg	sub-0009	tuned	201	3	9	5	4	4.39	-0.43	21.99	6.45	0.9945	0.05413	1.0	1.0	1.0	1.0	1.0	1.0	0.9324	1.0	0.7182	0.8995
sub-0009_task-thermalactive_run-4_eeg	sub-0009	derived	134	2	8	15	18	1.69	-5.89	28.77	3.29	0.99431	0.05509	1.0	1.0	1.0	1.0	1.0	1.0	0.9294	1.0	0.652	0.9486
sub-0009_task-thermalactive_run-4_eeg	sub-0009	derived_w20fit	134	1	18	42	60	1.4	0.89	20.0	7.9	0.99572	0.04781	1.0	1.0	1.0	1.0	1.0	1.0	0.9529	1.0	0.7769	0.961
sub-0010_task-thermalactive_run-1_eeg	sub-0010	notching	0	3	29	13	0	38.81	0.03	24.34	24.34	0.98867	0.11446	1.0	1.0	1.0	1.0	1.0	1.0	0.9399	0.9399	0.7292	0.7292
sub-0010_task-thermalactive_run-1_eeg	sub-0010	tuned	124	3	19	18	4	7.52	0.03	22.41	12.21	0.99034	0.10576	1.0	1.0	1.0	1.0	1.0	1.0	0.9441	1.0	0.7217	0.8392
sub-0010_task-thermalactive_run-1_eeg	sub-0010	derived	94	2	18	21	10	3.55	0.31	25.33	8.98	0.99079	0.10329	1.0	1.0	1.0	1.0	1.0	1.0	0.9294	1.0	0.7152	0.8715
sub-0010_task-thermalactive_run-1_eeg	sub-0010	derived_w20fit	94	3	8	15	8	3.03	0.38	16.64	6.09	0.9933	0.08814	1.0	1.0	1.0	1.0	1.0	1.0	0.9529	1.0	0.8023	0.9087
sub-0009_task-thermalactive_run-6_eeg	sub-0009	notching	0	3	41	14	0	27.91	-6.2	24.87	24.87	0.99599	0.04451	1.0	1.0	1.0	1.0	1.0	1.0	0.9399	0.9399	0.7368	0.7368
sub-0009_task-thermalactive_run-6_eeg	sub-0009	tuned	185	3	6	5	0	4.33	-0.23	23.51	6.57	0.97334	0.1141	1.0	1.0	1.0	1.0	0.5283	0.5283	0.8993	0.9817	0.7369	0.9352
sub-0009_task-thermalactive_run-6_eeg	sub-0009	derived	129	3	9	19	1	20.56	-1.16	30.56	7.5	0.99596	0.04465	1.0	1.0	1.0	1.0	1.0	1.0	0.9111	0.9817	0.6315	0.8907
sub-0009_task-thermalactive_run-6_eeg	sub-0009	derived_w20fit	129	1	12	30	14	3.26	0.62	21.37	7.33	0.99684	0.03954	1.0	1.0	1.0	1.0	1.0	1.0	0.9464	0.9699	0.7319	0.8962
sub-0010_task-thermalactive_run-2_eeg	sub-0010	notching	0	4	28	14	1	30.03	0.05	26.76	26.76	0.9948	0.07383	1.0	1.0	1.0	1.0	1.0	1.0	0.9458	0.9458	0.6615	0.6615
sub-0010_task-thermalactive_run-2_eeg	sub-0010	tuned	162	2	11	3	2	3.33	-0.12	20.41	6.82	0.99519	0.07103	1.0	1.0	1.0	1.0	1.0	1.0	0.9294	1.0	0.7386	0.8835
sub-0010_task-thermalactive_run-2_eeg	sub-0010	derived	112	2	10	23	22	2.15	0.13	25.71	6.13	0.99521	0.07087	1.0	1.0	1.0	1.0	1.0	1.0	0.9353	1.0	0.723	0.9463
sub-0010_task-thermalactive_run-2_eeg	sub-0010	derived_w20fit	112	2	11	26	25	2.19	0.6	20.57	9.93	0.99589	0.06565	1.0	1.0	1.0	1.0	1.0	1.0	0.9588	1.0	0.7771	0.9014
sub-0010_task-thermalactive_run-3_eeg	sub-0010	notching	0	3	30	17	1	33.48	-0.15	29.56	29.56	0.99256	0.07986	1.0	1.0	1.0	1.0	1.0	1.0	0.8641	0.8641	0.6504	0.6504
sub-0010_task-thermalactive_run-3_eeg	sub-0010	tuned	141	2	11	2	0	3.59	0.05	18.36	7.12	0.99518	0.06434	1.0	1.0	1.0	1.0	1.0	1.0	0.9647	1.0	0.7695	0.8958
sub-0010_task-thermalactive_run-3_eeg	sub-0010	derived	111	1	7	15	6	3.41	0.1	25.01	2.88	0.99519	0.06427	1.0	1.0	1.0	1.0	1.0	1.0	0.9765	1.0	0.7043	0.9628
sub-0010_task-thermalactive_run-3_eeg	sub-0010	derived_w20fit	111	3	9	30	14	3.41	0.41	20.86	10.6	0.9938	0.07291	1.0	1.0	1.0	1.0	1.0	1.0	0.8641	0.8641	0.7813	0.9089
sub-0010_task-thermalactive_run-4_eeg	sub-0010	notching	0	4	27	16	0	33.83	0.0	26.96	26.96	0.99378	0.06215	1.0	1.0	1.0	1.0	1.0	1.0	0.9641	0.9641	0.7141	0.7141
sub-0010_task-thermalactive_run-4_eeg	sub-0010	tuned	159	2	9	5	3	3.41	-0.06	19.64	5.95	0.99402	0.06096	1.0	1.0	1.0	1.0	1.0	1.0	0.9471	1.0	0.7507	0.895
sub-0010_task-thermalactive_run-4_eeg	sub-0010	derived	112	2	4	28	4	6.09	-0.08	24.59	4.13	0.99403	0.06087	1.0	1.0	1.0	1.0	1.0	1.0	0.9588	1.0	0.7208	0.9377
sub-0010_task-thermalactive_run-4_eeg	sub-0010	derived_w20fit	112	2	6	35	35	1.97	0.91	17.63	4.97	0.99508	0.05527	1.0	1.0	1.0	1.0	1.0	1.0	0.9706	1.0	0.7945	0.9312
sub-0010_task-thermalactive_run-5_eeg	sub-0010	notching	0	3	32	20	0	36.07	0.09	30.39	30.39	0.99183	0.06393	1.0	1.0	1.0	1.0	1.0	1.0	0.8458	0.8458	0.666	0.666
sub-0010_task-thermalactive_run-5_eeg	sub-0010	tuned	148	3	11	7	0	6.39	-0.14	19.72	7.82	0.99451	0.05244	1.0	1.0	1.0	1.0	1.0	1.0	0.9229	0.9464	0.7555	0.8838
sub-0010_task-thermalactive_run-5_eeg	sub-0010	derived	105	2	10	32	2	6.18	0.3	27.71	8.41	0.99245	0.06147	1.0	1.0	1.0	1.0	1.0	1.0	0.8222	0.8458	0.713	0.9508
sub-0010_task-thermalactive_run-5_eeg	sub-0010	derived_w20fit	105	3	9	45	13	6.18	0.74	23.07	13.21	0.99304	0.05901	1.0	1.0	1.0	1.0	1.0	1.0	0.8523	0.8641	0.7491	0.8595
sub-0010_task-thermalactive_run-6_eeg	sub-0010	notching	0	3	32	18	1	31.97	0.0	26.57	26.57	0.99447	0.04556	1.0	1.0	1.0	1.0	1.0	1.0	0.9399	0.9399	0.6925	0.6925
sub-0010_task-thermalactive_run-6_eeg	sub-0010	tuned	159	3	11	4	4	4.14	-0.49	19.92	6.67	0.99481	0.04415	1.0	1.0	1.0	1.0	1.0	1.0	0.9412	1.0	0.7474	0.8866
sub-0010_task-thermalactive_run-6_eeg	sub-0010	derived	118	2	10	27	16	4.04	-0.29	29.11	8.1	0.9926	0.05268	1.0	1.0	1.0	1.0	1.0	1.0	0.766	0.8275	0.6974	0.9232
sub-0010_task-thermalactive_run-6_eeg	sub-0010	derived_w20fit	118	2	9	37	23	4.04	0.74	20.77	9.31	0.99561	0.04059	1.0	1.0	1.0	1.0	1.0	1.0	0.9529	1.0	0.7751	0.9096
sub-0011_task-thermalactive_run-2_eeg	sub-0011	notching	0	3	34	15	0	35.78	-0.1	25.49	25.49	0.89597	0.26255	0.4061	0.4061	0.8746	0.8746	1.0	1.0	0.9758	0.9758	0.7644	0.7644
sub-0011_task-thermalactive_run-2_eeg	sub-0011	tuned	147	3	6	0	0	2.71	-0.0	17.22	3.12	0.96218	0.16104	0.8927	0.8927	1.0	1.0	1.0	1.0	0.9235	1.0	0.8065	0.9438
sub-0011_task-thermalactive_run-2_eeg	sub-0011	derived	106	2	8	24	21	2.86	-0.26	26.86	7.99	0.98174	0.11249	0.8506	1.0	1.0	1.0	1.0	1.0	0.9706	1.0	0.7404	0.963
sub-0011_task-thermalactive_run-2_eeg	sub-0011	derived_w20fit	106	2	6	21	20	2.24	0.47	17.07	4.97	0.98921	0.08665	0.9195	1.0	1.0	1.0	1.0	1.0	0.9824	1.0	0.8052	0.927
sub-0011_task-thermalactive_run-1_eeg	sub-0011	notching	0	5	31	16	0	34.94	-0.35	29.81	29.81	0.98674	0.10462	1.0	1.0	1.0	1.0	1.0	1.0	0.9458	0.9458	0.6506	0.6506
sub-0011_task-thermalactive_run-1_eeg	sub-0011	tuned	169	1	8	6	0	3.49	-0.81	18.98	3.64	0.98948	0.09322	1.0	1.0	1.0	1.0	1.0	1.0	0.9288	0.9788	0.7612	0.9343
sub-0011_task-thermalactive_run-1_eeg	sub-0011	derived	123	2	6	15	11	3.24	-1.18	26.91	5.17	0.98901	0.09527	1.0	1.0	1.0	1.0	1.0	1.0	0.9353	1.0	0.6954	0.9428
sub-0011_task-thermalactive_run-1_eeg	sub-0011	derived_w20fit	123	2	8	13	9	2.77	0.05	18.83	5.69	0.9916	0.08334	1.0	1.0	1.0	1.0	1.0	1.0	0.9556	0.9758	0.7764	0.9252
sub-0011_task-thermalactive_run-3_eeg	sub-0011	notching	0	4	30	15	2	20.15	0.21	20.63	20.63	0.98523	0.07803	1.0	1.0	1.0	1.0	1.0	1.0	0.9699	0.9699	0.7319	0.7319
sub-0011_task-thermalactive_run-3_eeg	sub-0011	tuned	120	2	7	0	0	2.04	0.31	15.61	3.28	0.98801	0.07033	1.0	1.0	1.0	1.0	1.0	1.0	0.917	0.9817	0.815	0.953
sub-0011_task-thermalactive_run-3_eeg	sub-0011	derived	78	2	10	11	10	2.31	0.34	20.84	4.41	0.98786	0.07077	1.0	1.0	1.0	1.0	1.0	1.0	0.9647	1.0	0.7519	0.9403
sub-0011_task-thermalactive_run-3_eeg	sub-0011	derived_w20fit	78	2	7	11	15	1.83	0.65	15.06	5.38	0.99099	0.06102	1.0	1.0	1.0	1.0	1.0	1.0	0.9765	1.0	0.8132	0.9129
sub-0011_task-thermalactive_run-5_eeg	sub-0011	notching	0	5	33	16	1	27.0	-0.19	25.2	25.2	0.98328	0.05542	1.0	1.0	1.0	1.0	1.0	1.0	0.9275	0.9275	0.7052	0.7052
sub-0011_task-thermalactive_run-5_eeg	sub-0011	tuned	145	1	11	15	1	11.57	0.0	20.52	8.37	0.98593	0.05087	1.0	1.0	1.0	1.0	1.0	1.0	0.8993	0.9582	0.7674	0.9057
sub-0011_task-thermalactive_run-5_eeg	sub-0011	derived	107	3	8	16	13	2.5	-0.08	24.58	4.19	0.98683	0.04923	1.0	1.0	1.0	1.0	1.0	1.0	0.9118	1.0	0.7464	0.965
sub-0011_task-thermalactive_run-5_eeg	sub-0011	derived_w20fit	107	2	7	27	18	2.46	0.57	17.33	4.78	0.99073	0.04134	1.0	1.0	1.0	1.0	1.0	1.0	0.9471	1.0	0.8096	0.9292
sub-0011_task-thermalactive_run-4_eeg	sub-0011	notching	0	5	34	21	1	37.17	-0.06	30.13	30.13	0.98597	0.05914	1.0	1.0	1.0	1.0	1.0	1.0	0.9216	0.9216	0.6513	0.6513
sub-0011_task-thermalactive_run-4_eeg	sub-0011	tuned	196	4	14	19	12	3.31	-0.81	24.65	11.46	0.98726	0.05637	1.0	1.0	1.0	1.0	1.0	1.0	0.8971	1.0	0.6975	0.8467
sub-0011_task-thermalactive_run-4_eeg	sub-0011	derived	133	2	9	29	10	3.38	-1.13	29.32	4.6	0.98826	0.05414	1.0	1.0	1.0	1.0	1.0	1.0	0.9059	1.0	0.662	0.9405
sub-0011_task-thermalactive_run-4_eeg	sub-0011	derived_w20fit	133	3	9	44	14	3.08	0.58	22.47	9.02	0.99049	0.04874	1.0	1.0	1.0	1.0	1.0	1.0	0.9412	1.0	0.7522	0.9118
sub-0012_task-thermalactive_run-1_eeg	sub-0012	notching	0	3	27	19	0	37.85	-0.0	30.92	30.92	0.99709	0.06736	1.0	1.0	1.0	1.0	1.0	1.0	0.834	0.834	0.6671	0.6671
sub-0012_task-thermalactive_run-1_eeg	sub-0012	tuned	126	1	9	4	0	18.53	-0.04	16.14	4.8	0.99864	0.04615	1.0	1.0	1.0	1.0	1.0	1.0	0.9588	1.0	0.7984	0.9285
sub-0012_task-thermalactive_run-1_eeg	sub-0012	derived	105	1	6	20	14	3.25	0.11	25.96	4.27	0.99844	0.04942	1.0	1.0	1.0	1.0	1.0	1.0	0.9412	1.0	0.6994	0.9207
sub-0012_task-thermalactive_run-1_eeg	sub-0012	derived_w20fit	105	1	14	34	6	30.0	0.52	23.63	16.08	0.99738	0.06394	1.0	1.0	1.0	1.0	1.0	1.0	0.8405	0.8641	0.7535	0.8475
sub-0011_task-thermalactive_run-6_eeg	sub-0011	notching	0	3	37	20	0	38.12	-0.12	29.43	29.43	0.98606	0.04176	1.0	1.0	1.0	1.0	1.0	1.0	0.9157	0.9157	0.6615	0.6615
sub-0011_task-thermalactive_run-6_eeg	sub-0011	tuned	187	2	17	18	5	3.98	-1.11	23.63	10.34	0.98683	0.0406	1.0	1.0	1.0	1.0	1.0	1.0	0.8905	0.9817	0.6998	0.838
sub-0011_task-thermalactive_run-6_eeg	sub-0011	derived	128	3	11	33	11	3.93	-0.31	29.32	5.42	0.98699	0.04035	1.0	1.0	1.0	1.0	1.0	1.0	0.8791	0.9641	0.6591	0.9243
sub-0011_task-thermalactive_run-6_eeg	sub-0011	derived_w20fit	128	2	10	46	13	3.66	0.74	19.94	6.41	0.99062	0.0343	1.0	1.0	1.0	1.0	1.0	1.0	0.9353	1.0	0.756	0.9025
sub-0012_task-thermalactive_run-2_eeg	sub-0012	notching	0	3	29	17	1	29.94	0.02	27.03	27.03	0.99826	0.0567	1.0	1.0	1.0	1.0	1.0	1.0	0.8641	0.8641	0.7172	0.7172
sub-0012_task-thermalactive_run-2_eeg	sub-0012	tuned	147	3	7	4	1	10.09	0.02	18.27	6.33	0.99912	0.04042	1.0	1.0	1.0	1.0	1.0	1.0	0.9706	1.0	0.7668	0.8999
sub-0012_task-thermalactive_run-2_eeg	sub-0012	derived	110	2	6	28	25	2.71	0.16	24.81	5.53	0.99911	0.04051	1.0	1.0	1.0	1.0	1.0	1.0	0.9765	1.0	0.7352	0.9388
sub-0012_task-thermalactive_run-2_eeg	sub-0012	derived_w20fit	110	1	6	21	17	2.94	0.32	22.2	10.37	0.99854	0.05198	1.0	1.0	1.0	1.0	1.0	1.0	0.8641	0.8641	0.7691	0.8951
sub-0012_task-thermalactive_run-3_eeg	sub-0012	notching	0	3	32	15	0	33.96	-0.11	26.27	26.27	0.9943	0.08306	1.0	1.0	1.0	1.0	1.0	1.0	0.9817	0.9817	0.6945	0.6945
sub-0012_task-thermalactive_run-3_eeg	sub-0012	tuned	158	1	7	2	0	3.05	-0.22	17.97	4.38	0.9948	0.07934	1.0	1.0	1.0	1.0	1.0	1.0	0.9471	1.0	0.7794	0.9205
sub-0012_task-thermalactive_run-3_eeg	sub-0012	derived	119	2	7	16	13	2.9	0.01	25.7	5.08	0.99454	0.08131	1.0	1.0	1.0	1.0	1.0	1.0	0.9673	0.9817	0.7228	0.959
sub-0012_task-thermalactive_run-3_eeg	sub-0012	derived_w20fit	119	2	7	26	16	3.29	0.74	20.44	8.29	0.99522	0.0761	1.0	1.0	1.0	1.0	1.0	1.0	0.9699	0.9699	0.7825	0.9221
sub-0012_task-thermalactive_run-4_eeg	sub-0012	notching	0	3	30	16	0	34.34	0.0	27.48	27.48	0.99335	0.08255	1.0	1.0	1.0	1.0	1.0	1.0	0.9699	0.9699	0.688	0.688
sub-0012_task-thermalactive_run-4_eeg	sub-0012	tuned	164	2	9	2	0	3.32	-0.04	18.93	5.0	0.99379	0.07977	1.0	1.0	1.0	1.0	1.0	1.0	0.9676	1.0	0.7511	0.908
sub-0012_task-thermalactive_run-4_eeg	sub-0012	derived	123	2	7	19	12	3.3	-0.46	26.47	4.98	0.99363	0.0808	1.0	1.0	1.0	1.0	1.0	1.0	0.9647	1.0	0.7083	0.9588
sub-0012_task-thermalactive_run-4_eeg	sub-0012	derived_w20fit	123	1	6	17	10	2.92	0.54	19.83	6.77	0.99467	0.07393	1.0	1.0	1.0	1.0	1.0	1.0	0.9765	1.0	0.7804	0.9312
sub-0013_task-thermalactive_run-1_eeg	sub-0013	notching	0	2	20	9	0	34.61	0.34	18.11	18.11	0.99676	0.0631	1.0	1.0	1.0	1.0	1.0	1.0	0.8281	0.8281	0.8925	0.8925
sub-0013_task-thermalactive_run-1_eeg	sub-0013	tuned	86	2	6	14	12	3.79	0.32	16.12	8.57	0.99805	0.04898	1.0	1.0	1.0	1.0	1.0	1.0	0.9523	0.9641	0.8445	0.935
sub-0013_task-thermalactive_run-1_eeg	sub-0013	derived	60	1	7	5	5	1.69	0.45	15.41	2.68	0.99834	0.04512	1.0	1.0	1.0	1.0	1.0	1.0	0.9379	0.9758	0.8562	0.9628
sub-0013_task-thermalactive_run-1_eeg	sub-0013	derived_w20fit	60	2	8	6	14	1.4	0.46	13.49	6.89	0.99764	0.05383	1.0	1.0	1.0	1.0	1.0	1.0	0.8196	0.834	0.9123	0.9711
sub-0012_task-thermalactive_run-5_eeg	sub-0012	notching	0	4	36	12	0	33.88	-0.3	24.93	24.93	0.99143	0.09248	1.0	1.0	1.0	1.0	1.0	1.0	0.9758	0.9758	0.6785	0.6785
sub-0012_task-thermalactive_run-5_eeg	sub-0012	tuned	165	1	6	2	0	2.52	-0.29	18.51	3.67	0.99229	0.08774	1.0	1.0	1.0	1.0	1.0	1.0	0.9288	0.9758	0.7758	0.941
sub-0012_task-thermalactive_run-5_eeg	sub-0012	derived	115	1	6	10	10	2.55	-0.11	25.36	2.57	0.99226	0.08795	1.0	1.0	1.0	1.0	1.0	1.0	0.9706	1.0	0.7094	0.965
sub-0012_task-thermalactive_run-5_eeg	sub-0012	derived_w20fit	115	3	9	21	4	18.82	0.46	20.83	9.52	0.99312	0.08291	1.0	1.0	1.0	1.0	1.0	1.0	0.9824	1.0	0.7275	0.8504
sub-0012_task-thermalactive_run-6_eeg	sub-0012	notching	0	3	35	15	1	31.21	-0.05	25.29	25.29	0.99399	0.07422	1.0	1.0	1.0	1.0	1.0	1.0	0.9699	0.9699	0.6851	0.6851
sub-0012_task-thermalactive_run-6_eeg	sub-0012	tuned	176	2	12	6	1	3.61	-0.56	20.67	7.48	0.99384	0.07512	1.0	1.0	1.0	1.0	1.0	1.0	0.9464	0.9699	0.7348	0.891
sub-0012_task-thermalactive_run-6_eeg	sub-0012	derived	119	1	7	12	8	2.88	-1.14	25.2	2.78	0.99416	0.07315	1.0	1.0	1.0	1.0	1.0	1.0	0.9647	1.0	0.7114	0.9526
sub-0012_task-thermalactive_run-6_eeg	sub-0012	derived_w20fit	119	1	8	37	21	2.88	1.22	18.54	5.39	0.99518	0.0665	1.0	1.0	1.0	1.0	1.0	1.0	0.9765	1.0	0.7749	0.9085
sub-0013_task-thermalactive_run-2_eeg	sub-0013	notching	0	3	27	5	3	2.79	0.2	15.8	15.8	0.9989	0.03812	1.0	1.0	1.0	1.0	1.0	1.0	0.8458	0.8458	0.8853	0.8853
sub-0013_task-thermalactive_run-2_eeg	sub-0013	tuned	89	2	5	4	4	1.98	0.14	12.94	3.96	0.99944	0.02717	1.0	1.0	1.0	1.0	1.0	1.0	0.9582	0.9699	0.8822	0.9773
sub-0013_task-thermalactive_run-2_eeg	sub-0013	derived	68	2	4	10	11	1.73	0.37	17.77	3.94	0.9994	0.02821	1.0	1.0	1.0	1.0	1.0	1.0	0.9529	1.0	0.8586	0.9795
sub-0013_task-thermalactive_run-2_eeg	sub-0013	derived_w20fit	68	2	9	10	17	1.37	0.44	15.24	8.41	0.99907	0.03503	1.0	1.0	1.0	1.0	1.0	1.0	0.8399	0.8399	0.9065	0.9764
sub-0013_task-thermalactive_run-4_eeg	sub-0013	notching	0	2	28	8	1	29.67	0.11	19.52	19.52	0.99764	0.05519	1.0	1.0	1.0	1.0	1.0	1.0	0.8399	0.8399	0.872	0.872
sub-0013_task-thermalactive_run-4_eeg	sub-0013	tuned	109	1	4	1	0	2.97	-0.0	13.78	3.19	0.99896	0.03671	1.0	1.0	1.0	1.0	1.0	1.0	0.9765	1.0	0.8521	0.9582
sub-0013_task-thermalactive_run-4_eeg	sub-0013	derived	86	2	6	5	14	1.28	0.08	19.81	2.97	0.99876	0.04012	1.0	1.0	1.0	1.0	1.0	1.0	0.9471	1.0	0.8305	0.9653
sub-0013_task-thermalactive_run-4_eeg	sub-0013	derived_w20fit	86	1	5	4	23	1.14	0.32	13.64	4.26	0.9991	0.03419	1.0	1.0	1.0	1.0	1.0	1.0	0.9673	0.9817	0.8985	0.9775
sub-0013_task-thermalactive_run-3_eeg	sub-0013	notching	0	2	25	9	1	29.14	0.44	18.29	18.29	0.99791	0.05365	1.0	1.0	1.0	1.0	1.0	1.0	0.834	0.834	0.8887	0.8887
sub-0013_task-thermalactive_run-3_eeg	sub-0013	tuned	109	1	2	0	3	1.37	0.17	12.47	0.82	0.99911	0.035	1.0	1.0	1.0	1.0	1.0	1.0	0.9706	1.0	0.8674	0.9835
sub-0013_task-thermalactive_run-3_eeg	sub-0013	derived	79	2	6	8	16	1.43	0.36	18.89	4.27	0.99887	0.0394	1.0	1.0	1.0	1.0	1.0	1.0	0.9412	1.0	0.8501	0.9608
sub-0013_task-thermalactive_run-3_eeg	sub-0013	derived_w20fit	79	3	6	5	14	1.47	0.38	15.36	6.87	0.99832	0.04816	1.0	1.0	1.0	1.0	1.0	1.0	0.834	0.834	0.8844	0.9475
sub-0013_task-thermalactive_run-5_eeg	sub-0013	notching	0	3	27	8	1	17.08	0.26	17.3	17.3	0.998	0.04576	1.0	1.0	1.0	1.0	1.0	1.0	0.9817	0.9817	0.7762	0.7762
sub-0013_task-thermalactive_run-5_eeg	sub-0013	tuned	108	1	6	1	7	1.27	0.25	15.25	5.17	0.99834	0.04161	1.0	1.0	1.0	1.0	1.0	1.0	0.9647	1.0	0.7958	0.9047
sub-0013_task-thermalactive_run-5_eeg	sub-0013	derived	77	2	6	4	8	1.74	0.26	19.18	4.34	0.99836	0.04142	1.0	1.0	1.0	1.0	1.0	1.0	0.9765	1.0	0.7713	0.9377
sub-0013_task-thermalactive_run-5_eeg	sub-0013	derived_w20fit	77	2	9	9	19	1.48	0.67	14.32	5.9	0.9987	0.03692	1.0	1.0	1.0	1.0	1.0	1.0	0.9882	1.0	0.8196	0.9207
sub-0013_task-thermalactive_run-6_eeg	sub-0013	notching	0	2	24	8	2	16.5	0.3	20.48	20.48	0.9968	0.06066	1.0	1.0	1.0	1.0	1.0	1.0	0.8458	0.8458	0.7833	0.7833
sub-0013_task-thermalactive_run-6_eeg	sub-0013	tuned	97	1	8	2	0	9.16	0.29	11.87	3.24	0.99836	0.0435	1.0	1.0	1.0	1.0	1.0	1.0	0.9699	0.9699	0.8415	0.9453
sub-0013_task-thermalactive_run-6_eeg	sub-0013	derived	80	1	6	10	1	9.14	0.39	20.22	4.77	0.99747	0.05395	1.0	1.0	1.0	1.0	1.0	1.0	0.8405	0.8641	0.7733	0.961
sub-0013_task-thermalactive_run-6_eeg	sub-0013	derived_w20fit	80	1	6	14	3	9.05	0.42	14.14	4.57	0.99813	0.04638	1.0	1.0	1.0	1.0	1.0	1.0	0.8523	0.8641	0.8575	0.9878
sub-0014_task-thermalactive_run-1_eeg	sub-0014	notching	0	3	32	10	1	5.57	0.1	20.36	20.36	0.99828	0.04547	1.0	1.0	1.0	1.0	1.0	1.0	0.9699	0.9699	0.7678	0.7678
sub-0014_task-thermalactive_run-1_eeg	sub-0014	tuned	138	1	2	0	0	1.92	0.11	15.82	1.87	0.99862	0.04078	1.0	1.0	1.0	1.0	1.0	1.0	0.9618	1.0	0.8062	0.9625
sub-0014_task-thermalactive_run-1_eeg	sub-0014	derived	101	3	7	11	11	2.11	0.11	22.04	3.68	0.99842	0.04357	1.0	1.0	1.0	1.0	1.0	1.0	0.9647	1.0	0.7606	0.9428
sub-0014_task-thermalactive_run-1_eeg	sub-0014	derived_w20fit	101	1	4	25	27	1.7	0.62	14.38	1.94	0.99907	0.03341	1.0	1.0	1.0	1.0	1.0	1.0	0.9765	1.0	0.8484	0.9713
sub-0014_task-thermalactive_run-2_eeg	sub-0014	notching	0	4	28	9	1	27.13	0.0	25.11	25.11	0.99726	0.05311	1.0	1.0	1.0	1.0	1.0	1.0	0.9582	0.9582	0.7179	0.7179
sub-0014_task-thermalactive_run-2_eeg	sub-0014	tuned	136	2	5	0	0	1.75	0.3	15.79	3.71	0.99805	0.04482	1.0	1.0	1.0	1.0	1.0	1.0	0.9559	1.0	0.8263	0.9545
sub-0014_task-thermalactive_run-2_eeg	sub-0014	derived	103	2	8	11	15	1.49	-0.06	23.37	3.99	0.99771	0.0486	1.0	1.0	1.0	1.0	1.0	1.0	0.9647	1.0	0.7364	0.9428
sub-0014_task-thermalactive_run-2_eeg	sub-0014	derived_w20fit	103	2	17	9	13	1.53	0.28	18.2	10.09	0.99819	0.04315	1.0	1.0	1.0	1.0	1.0	1.0	0.9765	1.0	0.7891	0.88
sub-0014_task-thermalactive_run-3_eeg	sub-0014	notching	0	3	33	7	3	3.89	0.09	20.37	20.37	0.99797	0.0458	1.0	1.0	1.0	1.0	1.0	1.0	0.9699	0.9699	0.7635	0.7635
sub-0014_task-thermalactive_run-3_eeg	sub-0014	tuned	127	1	5	4	4	2.8	0.24	15.59	4.06	0.99859	0.03822	1.0	1.0	1.0	1.0	1.0	1.0	0.9765	1.0	0.839	0.9723
sub-0014_task-thermalactive_run-3_eeg	sub-0014	derived	101	2	8	4	4	1.88	-0.1	22.5	4.39	0.99821	0.04302	1.0	1.0	1.0	1.0	1.0	1.0	0.9647	1.0	0.7475	0.9365
sub-0014_task-thermalactive_run-3_eeg	sub-0014	derived_w20fit	101	1	8	9	25	1.17	0.23	16.67	5.09	0.99885	0.03448	1.0	1.0	1.0	1.0	1.0	1.0	0.9765	1.0	0.7985	0.9083
sub-0014_task-thermalactive_run-6_eeg	sub-0014	notching	0	3	32	7	2	26.8	0.19	21.99	21.99	0.99731	0.04657	1.0	1.0	1.0	1.0	1.0	1.0	0.9699	0.9699	0.723	0.723
sub-0014_task-thermalactive_run-6_eeg	sub-0014	tuned	114	1	3	4	12	1.36	0.44	16.96	5.23	0.99808	0.03932	1.0	1.0	1.0	1.0	1.0	1.0	0.9853	1.0	0.8005	0.9414
sub-0014_task-thermalactive_run-6_eeg	sub-0014	derived	93	1	5	3	12	1.18	0.25	21.16	2.26	0.99794	0.04072	1.0	1.0	1.0	1.0	1.0	1.0	0.9647	1.0	0.7664	0.967
sub-0014_task-thermalactive_run-6_eeg	sub-0014	derived_w20fit	93	2	5	17	28	1.29	0.64	16.03	4.06	0.99856	0.03409	1.0	1.0	1.0	1.0	1.0	1.0	0.9765	1.0	0.7989	0.9187
sub-0014_task-thermalactive_run-4_eeg	sub-0014	notching	0	3	29	11	1	28.25	0.13	25.83	25.83	0.99814	0.04639	1.0	1.0	1.0	1.0	1.0	1.0	0.9699	0.9699	0.7108	0.7108
sub-0014_task-thermalactive_run-4_eeg	sub-0014	tuned	144	1	3	0	1	1.63	0.08	15.72	2.13	0.99884	0.03663	1.0	1.0	1.0	1.0	1.0	1.0	0.9765	1.0	0.8134	0.9635
sub-0014_task-thermalactive_run-4_eeg	sub-0014	derived	110	1	4	4	10	1.3	-0.11	23.04	2.14	0.99858	0.04058	1.0	1.0	1.0	1.0	1.0	1.0	0.9647	1.0	0.7426	0.9693
sub-0014_task-thermalactive_run-4_eeg	sub-0014	derived_w20fit	110	1	9	2	11	1.27	0.1	16.2	4.0	0.99901	0.03395	1.0	1.0	1.0	1.0	1.0	1.0	0.9765	1.0	0.8181	0.9426
sub-0014_task-thermalactive_run-5_eeg	sub-0014	notching	0	3	29	9	3	14.8	0.2	22.02	22.02	0.9978	0.04548	1.0	1.0	1.0	1.0	1.0	1.0	0.9699	0.9699	0.7221	0.7221
sub-0014_task-thermalactive_run-5_eeg	sub-0014	tuned	118	2	2	7	3	14.73	0.19	16.36	4.72	0.99846	0.03807	1.0	1.0	1.0	1.0	1.0	1.0	0.9588	1.0	0.7925	0.9116
sub-0014_task-thermalactive_run-5_eeg	sub-0014	derived	96	2	4	5	9	1.42	0.19	20.94	2.24	0.99835	0.03937	1.0	1.0	1.0	1.0	1.0	1.0	0.9647	1.0	0.7686	0.9795
sub-0014_task-thermalactive_run-5_eeg	sub-0014	derived_w20fit	96	2	8	16	25	1.42	0.37	14.5	3.09	0.99904	0.03009	1.0	1.0	1.0	1.0	1.0	1.0	0.9765	1.0	0.843	0.9628
sub-0015_task-thermalactive_run-1_eeg	sub-0015	notching	0	3	35	10	0	25.59	-0.05	22.7	22.7	0.99932	0.03411	1.0	1.0	1.0	1.0	1.0	1.0	0.9275	0.9275	0.7963	0.7963
sub-0015_task-thermalactive_run-1_eeg	sub-0015	tuned	149	2	8	5	0	6.15	-0.1	18.59	6.04	0.99938	0.03253	1.0	1.0	1.0	1.0	1.0	1.0	0.8993	0.9817	0.7849	0.9192
sub-0015_task-thermalactive_run-1_eeg	sub-0015	derived	109	2	9	9	6	3.01	-0.03	25.12	5.8	0.99937	0.03273	1.0	1.0	1.0	1.0	1.0	1.0	0.9118	0.9817	0.7513	0.9568
sub-0015_task-thermalactive_run-1_eeg	sub-0015	derived_w20fit	109	2	15	20	16	2.73	0.17	19.0	9.88	0.99952	0.02857	1.0	1.0	1.0	1.0	1.0	1.0	0.9405	0.9817	0.8319	0.9499
sub-0015_task-thermalactive_run-2_eeg	sub-0015	notching	0	3	35	15	0	26.32	-0.02	24.5	24.5	0.99244	0.06469	1.0	1.0	1.0	1.0	1.0	1.0	0.9033	0.9033	0.7446	0.7446
sub-0015_task-thermalactive_run-2_eeg	sub-0015	tuned	140	2	12	2	0	3.32	0.18	18.07	6.28	0.99352	0.05989	1.0	1.0	1.0	1.0	1.0	1.0	0.8964	0.9817	0.786	0.904
sub-0015_task-thermalactive_run-2_eeg	sub-0015	derived	104	3	5	18	7	3.51	0.48	24.97	3.56	0.99383	0.05848	1.0	1.0	1.0	1.0	1.0	1.0	0.8732	0.9817	0.7393	0.9452
sub-0015_task-thermalactive_run-2_eeg	sub-0015	derived_w20fit	104	1	14	23	7	2.95	0.52	16.72	6.26	0.99512	0.05201	1.0	1.0	1.0	1.0	1.0	1.0	0.9144	0.9817	0.8263	0.9363
sub-0015_task-thermalactive_run-3_eeg	sub-0015	notching	0	3	34	11	0	29.54	-0.24	23.89	23.89	0.99249	0.05561	1.0	1.0	1.0	1.0	1.0	1.0	0.8922	0.8922	0.7686	0.7686
sub-0015_task-thermalactive_run-3_eeg	sub-0015	tuned	168	2	10	7	1	2.84	-0.0	20.54	6.76	0.99357	0.05146	1.0	1.0	1.0	1.0	1.0	1.0	0.9059	1.0	0.7707	0.9267
sub-0015_task-thermalactive_run-3_eeg	sub-0015	derived	116	3	8	10	2	7.88	-0.11	26.78	6.97	0.9929	0.05409	1.0	1.0	1.0	1.0	1.0	1.0	0.8614	0.9458	0.723	0.9254
sub-0015_task-thermalactive_run-3_eeg	sub-0015	derived_w20fit	116	2	11	20	12	3.24	0.17	17.7	5.42	0.99514	0.04478	1.0	1.0	1.0	1.0	1.0	1.0	0.9111	0.9699	0.8261	0.9673
sub-0015_task-thermalactive_run-4_eeg	sub-0015	notching	0	2	35	15	0	28.22	0.16	20.8	20.8	0.99652	0.0432	1.0	1.0	1.0	1.0	1.0	1.0	0.915	0.915	0.8025	0.8025
sub-0015_task-thermalactive_run-4_eeg	sub-0015	tuned	148	2	11	5	1	2.81	-0.23	18.56	6.92	0.99656	0.04294	1.0	1.0	1.0	1.0	1.0	1.0	0.8758	0.9405	0.7948	0.937
sub-0015_task-thermalactive_run-4_eeg	sub-0015	derived	105	3	5	17	7	4.48	-0.04	23.81	4.23	0.9968	0.04143	1.0	1.0	1.0	1.0	1.0	1.0	0.8791	0.9699	0.7575	0.9459
sub-0015_task-thermalactive_run-4_eeg	sub-0015	derived_w20fit	105	1	10	40	23	2.78	0.84	15.92	4.01	0.99762	0.03575	1.0	1.0	1.0	1.0	1.0	1.0	0.9288	0.9758	0.8379	0.9526
sub-0015_task-thermalactive_run-6_eeg	sub-0015	notching	0	3	40	10	3	7.12	-4.94	23.44	23.44	0.99295	0.0408	1.0	1.0	1.0	1.0	1.0	1.0	0.9216	0.9216	0.7446	0.7446
sub-0015_task-thermalactive_run-6_eeg	sub-0015	tuned	149	2	9	2	0	3.58	0.29	18.64	5.2	0.9937	0.03857	1.0	1.0	1.0	1.0	1.0	1.0	0.9	1.0	0.7882	0.9265
sub-0015_task-thermalactive_run-6_eeg	sub-0015	derived	114	2	8	8	2	6.76	-0.12	27.02	4.29	0.99304	0.04052	1.0	1.0	1.0	1.0	1.0	1.0	0.8791	0.9582	0.7112	0.9448
sub-0015_task-thermalactive_run-6_eeg	sub-0015	derived_w20fit	114	1	11	31	7	3.3	0.75	17.21	5.02	0.99543	0.03286	1.0	1.0	1.0	1.0	1.0	1.0	0.917	0.9758	0.8285	0.9733
sub-0015_task-thermalactive_run-5_eeg	sub-0015	notching	0	4	32	16	0	29.06	0.2	26.73	26.73	0.99413	0.04418	1.0	1.0	1.0	1.0	1.0	1.0	0.8804	0.8804	0.7704	0.7704
sub-0015_task-thermalactive_run-5_eeg	sub-0015	tuned	167	2	13	10	1	3.03	-0.04	21.52	8.04	0.99497	0.0409	1.0	1.0	1.0	1.0	1.0	1.0	0.9	1.0	0.7653	0.9185
sub-0015_task-thermalactive_run-5_eeg	sub-0015	derived	116	2	11	23	11	4.24	0.18	27.69	8.53	0.99425	0.04372	1.0	1.0	1.0	1.0	1.0	1.0	0.8497	0.9281	0.7303	0.9356
sub-0015_task-thermalactive_run-5_eeg	sub-0015	derived_w20fit	116	2	18	20	8	3.64	0.5	19.0	8.8	0.99588	0.03699	1.0	1.0	1.0	1.0	1.0	1.0	0.8993	0.9699	0.8114	0.9365
