recording	pm0p10_worst_bin_db	pm0p10_p999_bin_db	pm0p10_bins_over_0p5db	pm0p10_bins_outside	pm0p05_worst_bin_db	pm0p05_p999_bin_db	pm0p05_bins_over_0p5db	pm0p05_bins_outside
sub-0000_task-thermalactive_run-2_eeg	0.07283410910007572	0.051062517425943504	0	3228	2.2276813857686135	0.47750488762208065	2	3412
sub-0000_task-thermalactive_run-3_eeg	0.14175068694400744	0.0801015505832854	0	3192	3.1013468632701215	1.3586880083116533	12	3399
sub-0000_task-thermalactive_run-1_eeg	0.4107612780413181	0.04724191936130964	0	3197	59.999999999875115	0.7247148890986215	6	3395
sub-0000_task-thermalactive_run-4_eeg	0.1891383774021378	0.0827528362418707	0	3123	1.5994373399401487	0.9049083907934422	10	3313
sub-0000_task-thermalactive_run-5_eeg	0.15811636016001981	0.10062988622675764	0	3241	2.4091385043746865	1.0410226933795035	11	3431
sub-0000_task-thermalactive_run-6_eeg	0.16893973251079147	0.06522006892561912	0	3223	1.9517610176969358	0.897769312102582	17	3418
sub-0001_task-thermalactive_run-1_eeg	0.20776383620318487	0.07477163302979328	0	3184	4.119864573096958	0.5891078974119245	5	3351
sub-0001_task-thermalactive_run-2_eeg	0.07619926936897276	0.06056795906451066	0	3314	0.9256484018777515	0.672479126014333	7	3512
sub-0001_task-thermalactive_run-3_eeg	0.11692944682116072	0.07467620682307582	0	3221	1.010072183976265	0.5108876457061449	4	3397
sub-0001_task-thermalactive_run-4_eeg	0.08316064230595702	0.0538630858264986	0	3263	0.6665022060024485	0.43092396288538304	3	3438
sub-0001_task-thermalactive_run-5_eeg	0.09533427822679127	0.07441467743343244	0	3179	1.0587794238369053	0.47383556593980886	3	3329
sub-0001_task-thermalactive_run-6_eeg	0.10165712608919669	0.06075527915388598	0	3180	1.1620403035581197	0.5391570605409967	4	3355
sub-0003_task-thermalactive_run-1_eeg	0.08111427966721875	0.031250545550996454	0	3099	0.7864149900799382	0.5357265543974091	4	3271
sub-0003_task-thermalactive_run-2_eeg	0.2387491678243709	0.03492705345832335	0	3271	2.7080874091968727	0.3755724374887536	2	3473
sub-0003_task-thermalactive_run-3_eeg	0.06835886367118875	0.04243914743931092	0	3159	0.7254129010352295	0.49837345651332426	4	3351
sub-0003_task-thermalactive_run-5_eeg	0.20615643861583588	0.05459269590334783	0	3169	59.999999999875115	0.7826707964674127	10	3366
sub-0003_task-thermalactive_run-4_eeg	0.5417055106943536	0.08057486869064785	1	3268	1.1233733526284717	0.5998424892133354	7	3472
sub-0003_task-thermalactive_run-6_eeg	0.2776772437315885	0.056373642088136125	0	3158	2.6998628850066115	0.797379055585143	7	3349
sub-0004_task-thermalactive_run-3_eeg	0.18776058956887315	0.04584982937352446	0	3292	1.5137852140281094	0.43656170733573696	2	3458
sub-0004_task-thermalactive_run-1_eeg	0.13774377211790878	0.05107362980325779	0	3248	1.4502484617064126	0.6775374773246647	6	3430
sub-0004_task-thermalactive_run-2_eeg	0.21359355664458407	0.06889029846732769	0	3232	1.6654690688196099	0.9131228404853837	5	3419
sub-0004_task-thermalactive_run-4_eeg	0.11282375741313205	0.05733195720363396	0	3137	1.5069383494541584	0.6265595805302218	7	3320
sub-0004_task-thermalactive_run-5_eeg	0.10247389646497695	0.037428987229705044	0	3360	0.9753905085085088	0.3729196603513659	1	3514
sub-0004_task-thermalactive_run-6_eeg	0.11859919133473258	0.04674509161661778	0	3239	2.64908716274	0.5543065763678703	5	3408
sub-0005_task-thermalactive_run-1_eeg	0.2162045046565575	0.06449894408611226	0	3400	0.6175319203571651	0.3217579540145043	2	3536
sub-0005_task-thermalactive_run-2_eeg	0.06639665608392911	0.026477804995889812	0	3171	2.5116694490725315	0.4562547962047884	3	3350
sub-0005_task-thermalactive_run-3_eeg	0.26323879185608917	0.024628469950223678	0	3242	0.7187555565517572	0.4386931764932572	3	3408
sub-0005_task-thermalactive_run-4_eeg	0.2427990427801668	0.06358706719868376	0	3196	1.187494774827977	0.5503514927903682	4	3385
sub-0005_task-thermalactive_run-5_eeg	0.05146470276894957	0.02898338351363837	0	3189	3.454151014662687	0.5616004866861048	5	3388
sub-0005_task-thermalactive_run-6_eeg	0.050767808031540386	0.028658200493550706	0	3166	0.5991451036547116	0.3714260198583258	1	3330
sub-0006_task-thermalactive_run-1_eeg	0.4015827135262082	0.02100579781697372	0	3296	1.55100334100555	0.4250357063142955	2	3432
sub-0006_task-thermalactive_run-2_eeg	0.1741132612826191	0.02632436412059749	0	3217	0.645199821272419	0.3984200216541167	1	3350
sub-0006_task-thermalactive_run-3_eeg	0.2141326267015001	0.07451626836784705	0	3100	1.4545298012809633	0.7365568146156177	10	3286
sub-0006_task-thermalactive_run-5_eeg	0.29167542463344975	0.09552798113259871	0	3061	2.7916875143572355	0.73797788700279	13	3213
sub-0006_task-thermalactive_run-4_eeg	0.2752493931014895	0.11893063090665376	0	3170	2.3619076472220386	0.8489110693770321	11	3347
sub-0006_task-thermalactive_run-6_eeg	0.3115189151113074	0.19437618234625406	0	3135	4.016068381424264	1.222820354914825	19	3307
sub-0007_task-thermalactive_run-2_eeg	0.08491563605688689	0.05631363524709766	0	3234	3.001671959561942	0.692595169899311	6	3431
sub-0007_task-thermalactive_run-1_eeg	0.03154613261357218	0.020702112320671283	0	3328	2.3500779401226985	0.4021478860779781	3	3513
sub-0007_task-thermalactive_run-4_eeg	0.10785582776048587	0.03294587409101091	0	3200	1.801443918540826	0.43793960658154074	3	3378
sub-0007_task-thermalactive_run-3_eeg	0.07467778746795097	0.0519395240098119	0	3235	4.138749711876436	0.6445098318356626	5	3423
sub-0007_task-thermalactive_run-5_eeg	0.059969102645748486	0.03440851895746155	0	3195	1.6078379532089682	0.366294301195937	2	3371
sub-0007_task-thermalactive_run-6_eeg	0.11409699439501501	0.05723159392722163	0	3048	2.162660595995866	0.6848023533977932	8	3231
sub-0008_task-thermalactive_run-2_eeg	0.18796090833144175	0.14790378262784498	0	3024	3.1854612455176796	0.7948000165607889	15	3205
sub-0008_task-thermalactive_run-1_eeg	0.19688679931742958	0.1367817763841836	0	3089	1.4732099409790838	0.7264755730742111	9	3292
sub-0008_task-thermalactive_run-5_eeg	0.33420253028855007	0.16203934962735578	0	2974	3.8955013644699727	1.9091050013691562	17	3147
sub-0008_task-thermalactive_run-3_eeg	0.14645871257159498	0.07064521743077097	0	3003	59.999999999875115	1.1303129324809544	8	3192
sub-0008_task-thermalactive_run-4_eeg	0.30353212953710174	0.10129991952090604	0	2916	3.2553477409174354	0.674757451717116	8	3091
sub-0009_task-thermalactive_run-1_eeg	0.20486764151692693	0.050811484445979896	0	3158	1.4116089033625667	0.5812906897087639	7	3321
sub-0008_task-thermalactive_run-6_eeg	0.20607975182581398	0.1108766994297838	0	2976	3.0653678163632563	0.9065679378899042	18	3160
sub-0009_task-thermalactive_run-2_eeg	0.1593770314827756	0.05459838256584073	0	3133	1.907840199600614	1.0661779490542638	7	3296
sub-0009_task-thermalactive_run-3_eeg	0.17012080108694605	0.05911464258066489	0	3058	1.4578243561402204	0.6784738223631314	9	3248
sub-0009_task-thermalactive_run-4_eeg	0.23050993274447762	0.07972021159050392	0	3055	2.8762998686929815	0.5854878073761356	7	3253
sub-0009_task-thermalactive_run-5_eeg	0.15159457410055951	0.07419448321242493	0	3225	1.1269900182754342	0.6536189016626016	7	3399
sub-0010_task-thermalactive_run-1_eeg	0.2799657479966912	0.02676049180738501	0	3040	0.6174725994722888	0.4117879664577291	2	3174
sub-0010_task-thermalactive_run-2_eeg	0.3084713254766242	0.06618340438269957	0	3120	1.5699218933611374	0.49890088333187405	4	3305
sub-0009_task-thermalactive_run-6_eeg	0.18560413835769712	0.06079741743280252	0	2989	1.9496579104918552	0.9027975328361285	18	3219
sub-0010_task-thermalactive_run-4_eeg	0.28097475016381823	0.04019002914017889	0	3150	1.52421717027746	0.6494863809397646	6	3335
sub-0010_task-thermalactive_run-3_eeg	0.1322126619059628	0.040366794542161424	0	3198	0.6496911053002621	0.44000959683653246	2	3362
sub-0010_task-thermalactive_run-5_eeg	0.40000295218939796	0.05808088357021433	0	3146	1.4672153647321378	0.594292074052047	5	3305
sub-0010_task-thermalactive_run-6_eeg	0.48848236996019234	0.0618178724766202	0	3136	3.594505059138565	0.6393859489098509	6	3318
sub-0011_task-thermalactive_run-2_eeg	0.21666459159817616	0.055931852036144446	0	3244	1.377804837666662	0.5259487955505499	5	3441
sub-0011_task-thermalactive_run-1_eeg	0.3751095156767611	0.042022122079768354	0	3176	2.7285505207436023	0.48959572974352344	4	3369
sub-0011_task-thermalactive_run-3_eeg	0.18464333265932176	0.04078559635800533	0	3309	0.7294802823887765	0.5258314671075798	4	3498
sub-0011_task-thermalactive_run-4_eeg	0.09932326226052128	0.04613349854818189	0	2945	2.2104448857575134	0.6987467030624144	8	3118
sub-0011_task-thermalactive_run-5_eeg	0.4272720892764331	0.06400758692486168	0	3111	2.3170640913273775	0.6485075497032396	4	3279
sub-0012_task-thermalactive_run-1_eeg	0.2563002925205091	0.033499052495887756	0	3290	1.1170678201713975	0.5211679772439313	5	3449
sub-0011_task-thermalactive_run-6_eeg	0.1126357614914472	0.05301508902930189	0	2984	1.6375278531389725	0.5473261709303076	4	3161
sub-0012_task-thermalactive_run-2_eeg	0.1398869941167317	0.03509493781832893	0	3206	0.7962289103981758	0.533597955029885	5	3379
sub-0012_task-thermalactive_run-4_eeg	0.06040632414811607	0.04594731650032322	0	3184	2.076310214202955	0.5319307456857003	4	3351
sub-0012_task-thermalactive_run-3_eeg	0.3124057164083148	0.04468100437696734	0	3219	2.167081013493968	0.9570843788855834	7	3390
sub-0012_task-thermalactive_run-5_eeg	0.41660658470345546	0.03565319786716727	0	3194	3.959195957834684	0.7931818172180625	7	3381
sub-0013_task-thermalactive_run-1_eeg	0.053397498859699126	0.025483895431604158	0	3306	0.541439550183681	0.40805488682500224	2	3410
sub-0012_task-thermalactive_run-6_eeg	0.4711835419093771	0.06989843364844192	0	3111	10.033894462006547	1.1705261248838192	12	3268
sub-0013_task-thermalactive_run-2_eeg	0.2753242629606711	0.039243305909031904	0	3432	0.886789742884394	0.5070457376664051	5	3564
sub-0013_task-thermalactive_run-3_eeg	0.27592297441203206	0.041468565539891304	0	3440	0.8128816473247273	0.32761861996666786	2	3608
sub-0013_task-thermalactive_run-4_eeg	0.13290102614087107	0.02567050160910113	0	3392	0.6722820181258954	0.328330448212699	1	3544
sub-0013_task-thermalactive_run-5_eeg	0.2648887894587796	0.0337790472684383	0	3334	0.746679592193631	0.4149965534888959	3	3473
sub-0013_task-thermalactive_run-6_eeg	0.1542030200261141	0.04714023862612204	0	3470	0.6695129500412287	0.3557986237431436	1	3582
sub-0014_task-thermalactive_run-1_eeg	0.3615877564069905	0.052327550848306884	0	3308	1.360817914312763	0.6117739430083975	9	3506
sub-0014_task-thermalactive_run-2_eeg	0.6697580121017133	0.02841908185595043	1	3304	3.077385451741219	0.6866586030949784	7	3473
sub-0014_task-thermalactive_run-3_eeg	0.44259326094180595	0.06341135136824694	0	3315	2.573221779963032	0.5005628775550957	4	3464
sub-0014_task-thermalactive_run-4_eeg	0.5526702379328886	0.03497796260089679	1	3312	3.994511910128326	0.5982034147343512	5	3479
sub-0014_task-thermalactive_run-5_eeg	0.10161557112486362	0.03881939222894681	0	3288	2.165370628702407	0.39187546606620405	2	3443
sub-0014_task-thermalactive_run-6_eeg	0.4020545265206666	0.061351472404456514	0	3268	2.488015312386965	0.7229358802841906	6	3433
sub-0015_task-thermalactive_run-1_eeg	0.2598696255666648	0.06189685274866559	0	3194	1.2661963971402168	0.5118761899674803	4	3363
sub-0015_task-thermalactive_run-2_eeg	0.14843154861434552	0.06272991880018101	0	3211	0.4719505983612812	0.3857085448581368	0	3376
sub-0015_task-thermalactive_run-3_eeg	0.1612599039311169	0.07722275652773852	0	3113	0.5837448394220774	0.4237597584979669	1	3295
sub-0015_task-thermalactive_run-4_eeg	0.08423400021703185	0.03924104803139244	0	3194	1.3147118366565143	0.5355264583206775	4	3358
sub-0015_task-thermalactive_run-5_eeg	0.2850760967842393	0.07467136995912073	0	3071	1.9084854332894554	0.5986160209630286	6	3256
sub-0015_task-thermalactive_run-6_eeg	0.23911451971511896	0.06889358846069622	0	3189	2.1539204927068356	0.7439724329489813	8	3374
