recording	participant	arm	n_targets	n_scanner_harmonics	fir_rounds	n_fir_stopbands	peaks_above_2dB	peaks_above_null_p99	null_p99_db	null_frac_over_2db	comb_db	damage_half_hz	unavail_hz_total	unavail_hz_fir_only	correlation	change_rms	delta_kept	delta_kept_fir_only	theta_kept	theta_kept_fir_only	alpha_kept	alpha_kept_fir_only	beta_kept	beta_kept_fir_only	gamma_kept	gamma_kept_fir_only
sub-0000_task-thermalactive_run-5_eeg	sub-0000	derived_shipped	109	2	2	11	24	23	2.6	0.0411	0.01	0.2	24.03	3.3	0.99677	0.00944	1.0	1.0	1.0	1.0	1.0	1.0	0.9397	0.9676	0.7478	0.9629
sub-0000_task-thermalactive_run-4_eeg	sub-0000	derived_shipped	105	0	2	12	28	26	2.39	0.055	0.19	0.2	24.59	6.36	0.99606	0.0132	1.0	1.0	1.0	1.0	1.0	1.0	0.9353	1.0	0.7552	0.9576
sub-0000_task-thermalactive_run-1_eeg	sub-0000	derived_shipped	106	1	2	12	19	7	3.3	0.0627	-0.1	0.2	23.45	3.65	0.99465	0.04166	1.0	1.0	1.0	1.0	1.0	1.0	0.9397	0.9618	0.7601	0.9709
sub-0000_task-thermalactive_run-3_eeg	sub-0000	derived_shipped	109	1	3	11	24	22	2.42	0.0654	-0.34	0.2	23.63	3.7	0.99582	0.01655	1.0	1.0	1.0	1.0	1.0	1.0	0.9397	0.9618	0.7595	0.9619
sub-0000_task-thermalactive_run-2_eeg	sub-0000	derived_shipped	105	0	3	14	23	19	2.5	0.052	0.28	0.2	24.03	6.38	0.99457	0.02454	1.0	1.0	1.0	1.0	1.0	1.0	0.9397	0.9618	0.7645	0.9519
sub-0000_task-thermalactive_run-6_eeg	sub-0000	derived_shipped	107	0	3	12	24	21	2.15	0.0186	0.04	0.2	24.23	4.1	0.99731	0.00734	1.0	1.0	1.0	1.0	1.0	1.0	0.9647	1.0	0.741	0.9569
sub-0001_task-thermalactive_run-4_eeg	sub-0001	derived_shipped	118	3	2	8	13	8	2.75	0.0561	-0.49	0.2	25.88	2.05	0.98026	0.14376	1.0	1.0	0.8974	1.0	1.0	1.0	0.9118	1.0	0.7385	0.9704
sub-0001_task-thermalactive_run-2_eeg	sub-0001	derived_shipped	111	1	3	13	14	3	8.53	0.013	-0.08	0.2	24.85	3.4	0.98038	0.14394	1.0	1.0	1.0	1.0	1.0	1.0	0.9059	1.0	0.748	0.9459
sub-0001_task-thermalactive_run-3_eeg	sub-0001	derived_shipped	120	1	3	13	14	16	1.89	0.0108	-0.36	0.2	26.6	5.5	0.92965	0.23861	1.0	1.0	1.0	1.0	1.0	1.0	0.9294	1.0	0.7064	0.9254
sub-0001_task-thermalactive_run-1_eeg	sub-0001	derived_shipped	124	2	3	11	13	6	6.11	0.0441	-0.58	0.2	27.11	5.3	0.96462	0.19674	0.8621	1.0	1.0	1.0	1.0	1.0	0.8985	0.9735	0.7143	0.9404
sub-0001_task-thermalactive_run-5_eeg	sub-0001	derived_shipped	115	1	2	12	15	10	3.32	0.0728	-0.28	0.2	24.88	3.1	0.99315	0.09821	1.0	1.0	1.0	1.0	1.0	1.0	0.9059	1.0	0.7405	0.9529
sub-0003_task-thermalactive_run-1_eeg	sub-0003	derived_shipped	114	2	2	14	11	10	2.27	0.0222	-0.41	0.2	26.41	4.4	0.99527	0.06193	1.0	1.0	1.0	1.0	1.0	1.0	0.8824	0.9559	0.7123	0.9539
sub-0001_task-thermalactive_run-6_eeg	sub-0001	derived_shipped	121	2	3	9	24	24	2.04	0.0103	-0.55	0.2	28.68	6.72	0.96479	0.20974	1.0	1.0	1.0	1.0	1.0	1.0	0.8765	1.0	0.7079	0.9324
sub-0003_task-thermalactive_run-2_eeg	sub-0003	derived_shipped	109	1	3	13	13	2	4.94	0.0131	-0.08	0.2	24.23	4.2	0.99456	0.06211	1.0	1.0	1.0	1.0	1.0	1.0	0.8941	0.9529	0.7538	0.9569
sub-0003_task-thermalactive_run-3_eeg	sub-0003	derived_shipped	125	2	3	11	13	13	1.63	0.0	-0.64	0.2	27.41	3.9	0.99476	0.05788	1.0	1.0	1.0	1.0	1.0	1.0	0.8941	0.9588	0.6897	0.9539
sub-0003_task-thermalactive_run-4_eeg	sub-0003	derived_shipped	107	2	3	12	14	14	1.95	0.0	0.03	0.2	24.16	3.6	0.9952	0.05859	1.0	1.0	1.0	1.0	1.0	1.0	0.9176	0.9735	0.7468	0.9499
sub-0004_task-thermalactive_run-1_eeg	sub-0004	derived_shipped	101	1	2	15	15	12	4.05	0.0355	0.23	0.2	24.67	7.41	0.99789	0.05523	1.0	1.0	1.0	1.0	1.0	1.0	0.9353	1.0	0.7486	0.9506
sub-0003_task-thermalactive_run-5_eeg	sub-0003	derived_shipped	127	2	3	17	15	15	2.03	0.015	-1.52	0.2	28.06	4.95	0.99425	0.0604	1.0	1.0	1.0	1.0	1.0	1.0	0.8824	0.9735	0.6857	0.9409
sub-0003_task-thermalactive_run-6_eeg	sub-0003	derived_shipped	127	3	3	13	22	23	1.69	0.0	-0.67	0.2	28.71	5.7	0.99362	0.05389	1.0	1.0	1.0	1.0	1.0	1.0	0.9235	0.9618	0.6747	0.9619
sub-0004_task-thermalactive_run-2_eeg	sub-0004	derived_shipped	109	0	3	10	16	16	1.9	0.0	0.19	0.2	25.39	6.01	0.99717	0.05461	1.0	1.0	1.0	1.0	1.0	1.0	0.9118	1.0	0.7292	0.9647
sub-0004_task-thermalactive_run-3_eeg	sub-0004	derived_shipped	94	0	2	11	9	9	2.13	0.0235	0.26	0.2	23.23	4.62	0.9971	0.05198	1.0	1.0	1.0	1.0	1.0	1.0	0.8691	0.9794	0.7685	0.9679
sub-0004_task-thermalactive_run-5_eeg	sub-0004	derived_shipped	92	0	2	10	4	6	1.79	0.0	0.27	0.2	21.23	3.15	0.9998	0.01827	1.0	1.0	1.0	1.0	1.0	1.0	0.9647	1.0	0.7776	0.9649
sub-0004_task-thermalactive_run-4_eeg	sub-0004	derived_shipped	99	0	2	12	12	7	2.26	0.0576	0.35	0.2	24.48	4.05	0.99784	0.04136	1.0	1.0	1.0	1.0	1.0	1.0	0.9103	0.9853	0.7305	0.9519
sub-0004_task-thermalactive_run-6_eeg	sub-0004	derived_shipped	88	1	2	14	8	6	2.62	0.0229	0.18	0.2	23.93	4.1	0.99779	0.03305	1.0	1.0	1.0	1.0	1.0	1.0	0.9118	1.0	0.7375	0.9459
sub-0005_task-thermalactive_run-1_eeg	sub-0005	derived_shipped	73	1	2	9	5	6	1.77	0.0	0.36	0.2	17.43	2.8	0.99187	0.08722	1.0	1.0	1.0	1.0	1.0	1.0	0.8779	0.9706	0.8131	0.9739
sub-0005_task-thermalactive_run-2_eeg	sub-0005	derived_shipped	110	1	2	11	6	6	2.04	0.0119	-0.71	0.2	27.05	5.2	0.99196	0.07894	1.0	1.0	1.0	1.0	1.0	1.0	0.8	0.9559	0.7109	0.9359
sub-0005_task-thermalactive_run-4_eeg	sub-0005	derived_shipped	88	1	2	11	11	9	2.63	0.0161	0.26	0.2	22.43	3.5	0.99581	0.05424	1.0	1.0	1.0	1.0	1.0	1.0	0.8515	0.9853	0.755	0.9649
sub-0005_task-thermalactive_run-3_eeg	sub-0005	derived_shipped	91	1	3	13	12	6	3.7	0.0444	0.14	0.2	23.03	4.92	0.99307	0.06687	1.0	1.0	1.0	1.0	1.0	1.0	0.8412	1.0	0.763	0.9499
sub-0005_task-thermalactive_run-6_eeg	sub-0005	derived_shipped	108	2	2	11	5	5	2.66	0.0505	-0.05	0.2	25.06	3.6	0.99431	0.04896	1.0	1.0	1.0	1.0	1.0	1.0	0.8294	0.9676	0.7108	0.9589
sub-0005_task-thermalactive_run-5_eeg	sub-0005	derived_shipped	113	1	2	13	12	10	2.26	0.0372	0.06	0.2	25.48	4.05	0.99334	0.05115	1.0	1.0	1.0	1.0	1.0	1.0	0.7824	0.9735	0.732	0.9679
sub-0006_task-thermalactive_run-1_eeg	sub-0006	derived_shipped	42	3	2	6	17	5	3.33	0.135	0.57	0.2	15.36	5.45	0.99492	0.05734	1.0	1.0	1.0	1.0	1.0	1.0	0.9529	0.9853	0.829	0.9449
sub-0006_task-thermalactive_run-2_eeg	sub-0006	derived_shipped	40	1	1	5	7	7	2.05	0.0375	0.38	0.2	11.28	1.35	0.99192	0.0818	1.0	1.0	1.0	1.0	1.0	1.0	0.9456	0.9853	0.8686	0.978
sub-0006_task-thermalactive_run-5_eeg	sub-0006	derived_shipped	110	1	2	11	22	19	2.99	0.0302	-0.51	0.2	25.98	2.85	0.99318	0.06371	1.0	1.0	1.0	1.0	1.0	1.0	0.8706	0.9853	0.6677	0.9549
sub-0006_task-thermalactive_run-4_eeg	sub-0006	derived_shipped	103	1	3	11	19	14	2.92	0.0833	0.18	0.2	23.08	3.0	0.99422	0.05533	1.0	1.0	1.0	1.0	1.0	1.0	0.9765	0.9853	0.7027	0.978
sub-0006_task-thermalactive_run-6_eeg	sub-0006	derived_shipped	106	3	2	16	22	14	2.79	0.0127	-0.33	0.2	25.44	4.4	0.98856	0.07154	0.8352	1.0	1.0	1.0	1.0	1.0	0.9176	1.0	0.6852	0.9379
sub-0006_task-thermalactive_run-3_eeg	sub-0006	derived_shipped	111	2	3	15	25	4	7.99	0.0746	-0.47	0.2	27.48	7.49	0.99241	0.07016	1.0	1.0	1.0	1.0	1.0	1.0	0.9647	1.0	0.6504	0.906
sub-0007_task-thermalactive_run-1_eeg	sub-0007	derived_shipped	100	0	3	12	14	9	5.61	0.0156	0.2	0.2	25.26	6.36	0.99533	0.0677	1.0	1.0	1.0	1.0	1.0	1.0	0.8882	1.0	0.7287	0.9606
sub-0007_task-thermalactive_run-3_eeg	sub-0007	derived_shipped	114	1	2	7	15	13	2.45	0.0498	-0.19	0.2	25.08	4.05	0.99708	0.06051	1.0	1.0	1.0	1.0	1.0	1.0	0.9	1.0	0.7188	0.9729
sub-0007_task-thermalactive_run-2_eeg	sub-0007	derived_shipped	118	1	2	4	8	8	2.04	0.0353	-0.6	0.2	24.93	1.35	0.99646	0.06472	1.0	1.0	1.0	1.0	1.0	1.0	0.9059	1.0	0.7148	0.982
sub-0007_task-thermalactive_run-4_eeg	sub-0007	derived_shipped	103	1	2	10	16	6	9.24	0.0685	0.14	0.2	25.37	5.12	0.99716	0.05979	1.0	1.0	1.0	1.0	1.0	1.0	0.9118	1.0	0.7149	0.9795
sub-0007_task-thermalactive_run-5_eeg	sub-0007	derived_shipped	114	1	2	7	12	12	2.07	0.0387	-0.84	0.2	25.55	2.25	0.99848	0.04514	1.0	1.0	1.0	1.0	1.0	1.0	0.9	1.0	0.7229	0.977
sub-0007_task-thermalactive_run-6_eeg	sub-0007	derived_shipped	130	3	2	10	24	14	3.66	0.1224	-1.2	0.2	29.62	5.86	0.99772	0.04729	1.0	1.0	1.0	1.0	1.0	1.0	0.85	0.9706	0.6914	0.9837
sub-0008_task-thermalactive_run-2_eeg	sub-0008	derived_shipped	139	2	1	9	19	17	2.34	0.0972	-5.86	0.2	29.58	3.15	0.98514	0.07913	1.0	1.0	1.0	1.0	1.0	1.0	0.9103	0.9794	0.6506	0.9599
sub-0008_task-thermalactive_run-1_eeg	sub-0008	derived_shipped	124	1	2	12	17	16	2.15	0.0221	-1.26	0.2	28.23	3.65	0.98664	0.08806	1.0	1.0	1.0	1.0	1.0	1.0	0.9221	0.9735	0.6678	0.9529
sub-0008_task-thermalactive_run-5_eeg	sub-0008	derived_shipped	131	1	2	11	35	13	4.53	0.1116	-1.32	0.2	29.83	5.7	0.98227	0.04761	1.0	1.0	1.0	1.0	1.0	1.0	0.9294	1.0	0.6558	0.9439
sub-0008_task-thermalactive_run-4_eeg	sub-0008	derived_shipped	146	1	3	16	33	16	2.95	0.0483	-4.9	0.2	33.28	5.15	0.93634	0.13416	0.5517	1.0	0.9231	1.0	1.0	1.0	0.9206	0.9794	0.6258	0.9314
sub-0008_task-thermalactive_run-3_eeg	sub-0008	derived_shipped	132	1	4	20	41	3	18.09	0.1036	-1.08	0.2	31.6	7.35	0.98489	0.0662	1.0	1.0	1.0	1.0	1.0	1.0	0.9221	0.9735	0.6197	0.9028
sub-0008_task-thermalactive_run-6_eeg	sub-0008	derived_shipped	137	1	2	16	30	11	4.5	0.0533	-0.41	0.2	30.93	6.0	0.98165	0.04569	1.0	1.0	1.0	1.0	1.0	1.0	0.9206	0.9853	0.6413	0.9504
sub-0009_task-thermalactive_run-1_eeg	sub-0009	derived_shipped	134	0	2	10	10	13	1.83	0.0093	-6.33	0.2	28.8	3.2	0.99717	0.06373	1.0	1.0	1.0	1.0	1.0	1.0	0.9294	1.0	0.6513	0.9579
sub-0009_task-thermalactive_run-2_eeg	sub-0009	derived_shipped	134	1	2	10	12	11	2.23	0.0455	-6.18	0.2	28.51	3.15	0.99306	0.07341	1.0	1.0	1.0	1.0	1.0	1.0	0.9294	1.0	0.6692	0.9569
sub-0009_task-thermalactive_run-4_eeg	sub-0009	derived_shipped	134	0	2	10	15	18	1.69	0.0045	-5.89	0.2	28.68	2.8	0.99431	0.05509	1.0	1.0	1.0	1.0	1.0	1.0	0.9294	1.0	0.6538	0.9559
sub-0009_task-thermalactive_run-3_eeg	sub-0009	derived_shipped	143	0	2	10	13	21	1.34	0.0053	-6.58	0.2	30.65	3.15	0.99172	0.06953	1.0	1.0	1.0	1.0	1.0	1.0	0.9059	1.0	0.6393	0.9619
sub-0009_task-thermalactive_run-5_eeg	sub-0009	derived_shipped	116	0	2	11	21	15	2.67	0.0138	-1.05	0.2	27.48	5.6	0.99726	0.04893	1.0	1.0	1.0	1.0	1.0	1.0	0.9294	1.0	0.6989	0.9529
sub-0009_task-thermalactive_run-6_eeg	sub-0009	derived_shipped	129	0	3	17	19	1	20.56	0.0207	-1.16	0.2	30.2	6.85	0.99596	0.04465	1.0	1.0	1.0	1.0	1.0	1.0	0.9147	0.9853	0.6358	0.8978
sub-0010_task-thermalactive_run-1_eeg	sub-0010	derived_shipped	94	2	2	22	21	10	3.55	0.0851	0.31	0.2	24.88	7.88	0.99079	0.10329	1.0	1.0	1.0	1.0	1.0	1.0	0.9294	1.0	0.7219	0.8862
sub-0010_task-thermalactive_run-3_eeg	sub-0010	derived_shipped	111	4	1	7	15	6	3.41	0.0807	0.1	0.2	24.86	2.45	0.99519	0.06427	1.0	1.0	1.0	1.0	1.0	1.0	0.9765	1.0	0.7067	0.9689
sub-0010_task-thermalactive_run-2_eeg	sub-0010	derived_shipped	112	2	2	11	23	22	2.15	0.0423	0.13	0.2	25.41	5.52	0.99521	0.07087	1.0	1.0	1.0	1.0	1.0	1.0	0.9353	1.0	0.7273	0.9549
sub-0010_task-thermalactive_run-4_eeg	sub-0010	derived_shipped	112	2	2	6	28	4	6.09	0.025	-0.08	0.2	24.52	3.85	0.99403	0.06087	1.0	1.0	1.0	1.0	1.0	1.0	0.9588	1.0	0.7216	0.9409
sub-0010_task-thermalactive_run-5_eeg	sub-0010	derived_shipped	105	5	2	12	32	2	6.18	0.1407	0.3	0.2	27.41	7.8	0.99245	0.06147	1.0	1.0	1.0	1.0	1.0	1.0	0.8294	0.8529	0.7148	0.9569
sub-0010_task-thermalactive_run-6_eeg	sub-0010	derived_shipped	118	3	2	12	27	16	4.04	0.0444	-0.29	0.2	28.77	7.45	0.9926	0.05268	1.0	1.0	1.0	1.0	1.0	1.0	0.775	0.8382	0.7	0.9289
sub-0011_task-thermalactive_run-1_eeg	sub-0011	derived_shipped	123	2	2	8	15	11	3.24	0.1418	-1.18	0.2	26.73	4.7	0.98901	0.09527	1.0	1.0	1.0	1.0	1.0	1.0	0.9353	1.0	0.6982	0.9509
sub-0011_task-thermalactive_run-2_eeg	sub-0011	derived_shipped	106	2	2	11	24	21	2.86	0.0572	-0.26	0.2	26.68	7.45	0.98174	0.11249	0.8506	1.0	1.0	1.0	1.0	1.0	0.9706	1.0	0.741	0.9679
sub-0011_task-thermalactive_run-3_eeg	sub-0011	derived_shipped	78	2	2	12	11	10	2.31	0.0375	0.34	0.2	20.51	3.8	0.98786	0.07077	1.0	1.0	1.0	1.0	1.0	1.0	0.9647	1.0	0.7568	0.9489
sub-0012_task-thermalactive_run-1_eeg	sub-0012	derived_shipped	105	6	1	6	20	14	3.25	0.0417	0.11	0.2	25.83	3.9	0.99844	0.04942	1.0	1.0	1.0	1.0	1.0	1.0	0.9412	1.0	0.7012	0.9269
sub-0011_task-thermalactive_run-5_eeg	sub-0011	derived_shipped	107	2	3	13	16	13	2.5	0.0217	-0.08	0.2	24.28	3.65	0.98683	0.04923	1.0	1.0	1.0	1.0	1.0	1.0	0.9118	1.0	0.7488	0.9699
sub-0011_task-thermalactive_run-4_eeg	sub-0011	derived_shipped	133	3	2	13	29	10	3.38	0.1	-1.13	0.2	29.11	4.0	0.98826	0.05414	1.0	1.0	1.0	1.0	1.0	1.0	0.9059	1.0	0.6657	0.9489
sub-0011_task-thermalactive_run-6_eeg	sub-0011	derived_shipped	128	2	3	16	33	11	3.93	0.1004	-0.31	0.2	29.11	4.75	0.98699	0.04035	1.0	1.0	1.0	1.0	1.0	1.0	0.8809	0.9676	0.6622	0.9329
sub-0012_task-thermalactive_run-2_eeg	sub-0012	derived_shipped	110	4	2	11	28	25	2.71	0.0433	0.16	0.2	24.61	5.07	0.99911	0.04051	1.0	1.0	1.0	1.0	1.0	1.0	0.9765	1.0	0.7393	0.9469
sub-0013_task-thermalactive_run-1_eeg	sub-0013	derived_shipped	60	3	1	7	5	5	1.69	0.0	0.45	0.2	15.23	2.25	0.99834	0.04512	1.0	1.0	1.0	1.0	1.0	1.0	0.9397	0.9794	0.8592	0.9689
sub-0012_task-thermalactive_run-3_eeg	sub-0012	derived_shipped	119	3	2	8	16	13	2.9	0.1225	0.01	0.2	25.61	4.65	0.99454	0.08131	1.0	1.0	1.0	1.0	1.0	1.0	0.9691	0.9853	0.7228	0.9639
sub-0012_task-thermalactive_run-5_eeg	sub-0012	derived_shipped	115	2	1	6	10	10	2.55	0.0918	-0.11	0.2	25.23	2.2	0.99226	0.08795	1.0	1.0	1.0	1.0	1.0	1.0	0.9706	1.0	0.7113	0.9699
sub-0012_task-thermalactive_run-6_eeg	sub-0012	derived_shipped	119	2	1	7	12	8	2.88	0.1684	-1.14	0.2	25.11	2.35	0.99416	0.07315	1.0	1.0	1.0	1.0	1.0	1.0	0.9647	1.0	0.7133	0.9599
sub-0012_task-thermalactive_run-4_eeg	sub-0012	derived_shipped	123	2	2	8	19	12	3.3	0.1359	-0.46	0.2	26.28	4.55	0.99363	0.0808	1.0	1.0	1.0	1.0	1.0	1.0	0.9647	1.0	0.7108	0.9649
sub-0013_task-thermalactive_run-2_eeg	sub-0013	derived_shipped	68	1	2	5	10	11	1.73	0.0025	0.37	0.2	17.68	3.7	0.9994	0.02821	1.0	1.0	1.0	1.0	1.0	1.0	0.9529	1.0	0.8592	0.982
sub-0013_task-thermalactive_run-3_eeg	sub-0013	derived_shipped	79	2	2	9	8	16	1.43	0.0026	0.36	0.2	18.69	3.9	0.99887	0.0394	1.0	1.0	1.0	1.0	1.0	1.0	0.9412	1.0	0.8532	0.9669
sub-0013_task-thermalactive_run-4_eeg	sub-0013	derived_shipped	86	2	2	8	5	14	1.28	0.0026	0.08	0.2	19.75	2.6	0.99876	0.04012	1.0	1.0	1.0	1.0	1.0	1.0	0.9471	1.0	0.8312	0.9689
sub-0013_task-thermalactive_run-6_eeg	sub-0013	derived_shipped	80	3	1	6	10	1	9.14	0.0699	0.39	0.2	20.1	4.4	0.99747	0.05395	1.0	1.0	1.0	1.0	1.0	1.0	0.8441	0.8676	0.7745	0.9659
sub-0013_task-thermalactive_run-5_eeg	sub-0013	derived_shipped	77	1	2	9	4	8	1.74	0.0102	0.26	0.2	19.03	3.98	0.99836	0.04142	1.0	1.0	1.0	1.0	1.0	1.0	0.9765	1.0	0.7725	0.9413
sub-0014_task-thermalactive_run-1_eeg	sub-0014	derived_shipped	101	1	3	11	11	11	2.11	0.0269	0.11	0.2	21.98	3.25	0.99842	0.04357	1.0	1.0	1.0	1.0	1.0	1.0	0.9647	1.0	0.7619	0.9489
sub-0014_task-thermalactive_run-2_eeg	sub-0014	derived_shipped	103	2	2	11	11	15	1.49	0.0	-0.06	0.2	23.18	3.5	0.99771	0.0486	1.0	1.0	1.0	1.0	1.0	1.0	0.9647	1.0	0.7388	0.9489
sub-0014_task-thermalactive_run-4_eeg	sub-0014	derived_shipped	110	2	1	4	4	10	1.3	0.0	-0.11	0.2	22.98	1.9	0.99858	0.04058	1.0	1.0	1.0	1.0	1.0	1.0	0.9647	1.0	0.7438	0.9729
sub-0014_task-thermalactive_run-3_eeg	sub-0014	derived_shipped	101	1	2	12	4	4	1.88	0.0089	-0.1	0.2	22.36	3.85	0.99821	0.04302	1.0	1.0	1.0	1.0	1.0	1.0	0.9647	1.0	0.7503	0.9449
sub-0014_task-thermalactive_run-5_eeg	sub-0014	derived_shipped	96	2	2	5	5	9	1.42	0.0	0.19	0.2	20.88	2.0	0.99835	0.03937	1.0	1.0	1.0	1.0	1.0	1.0	0.9647	1.0	0.7699	0.982
sub-0014_task-thermalactive_run-6_eeg	sub-0014	derived_shipped	93	2	1	5	3	12	1.18	0.0	0.25	0.2	21.03	1.95	0.99794	0.04072	1.0	1.0	1.0	1.0	1.0	1.0	0.9647	1.0	0.7689	0.9719
sub-0015_task-thermalactive_run-1_eeg	sub-0015	derived_shipped	109	0	2	10	9	6	3.01	0.0315	-0.03	0.2	25.0	5.25	0.99937	0.03273	1.0	1.0	1.0	1.0	1.0	1.0	0.9118	0.9853	0.7525	0.9629
sub-0015_task-thermalactive_run-3_eeg	sub-0015	derived_shipped	116	0	3	16	10	2	7.88	0.0425	-0.11	0.2	26.63	6.48	0.9929	0.05409	1.0	1.0	1.0	1.0	1.0	1.0	0.8632	0.9529	0.7255	0.9303
sub-0015_task-thermalactive_run-2_eeg	sub-0015	derived_shipped	104	1	3	10	18	7	3.51	0.0525	0.48	0.2	24.83	3.1	0.99383	0.05848	1.0	1.0	1.0	1.0	1.0	1.0	0.875	0.9853	0.7415	0.9519
sub-0015_task-thermalactive_run-4_eeg	sub-0015	derived_shipped	105	1	3	12	17	7	4.48	0.0855	-0.04	0.2	23.75	3.93	0.9968	0.04143	1.0	1.0	1.0	1.0	1.0	1.0	0.8809	0.9735	0.7575	0.9483
sub-0015_task-thermalactive_run-5_eeg	sub-0015	derived_shipped	116	0	2	17	23	11	4.24	0.0954	0.18	0.2	27.54	7.86	0.99425	0.04372	1.0	1.0	1.0	1.0	1.0	1.0	0.8515	0.9353	0.7322	0.9436
sub-0015_task-thermalactive_run-6_eeg	sub-0015	derived_shipped	114	1	2	11	8	2	6.76	0.0879	-0.12	0.2	26.81	3.75	0.99304	0.04052	1.0	1.0	1.0	1.0	1.0	1.0	0.8809	0.9618	0.7143	0.9519
