recording	participant	comb_db_before	comb_db_after	teeth_tested	teeth_proud_2db_before	teeth_proud_2db_after	teeth_above_null_p99_after	null_p99_db	null_bins	correlation	change_rms
sub-0000_task-thermalactive_run-3_eeg	sub-0000	4.35	-0.28	63	40	1	0	4.02	150	0.99567	0.01683
sub-0000_task-thermalactive_run-2_eeg	sub-0000	4.04	-0.14	63	39	0	0	5.35	150	0.99463	0.02441
sub-0000_task-thermalactive_run-1_eeg	sub-0000	4.54	-0.15	63	39	0	0	4.24	150	0.99441	0.04259
sub-0000_task-thermalactive_run-4_eeg	sub-0000	4.2	0.0	63	40	4	2	13.43	150	0.99579	0.01366
sub-0000_task-thermalactive_run-5_eeg	sub-0000	4.12	-0.14	63	41	0	0	6.14	150	0.99666	0.0096
sub-0000_task-thermalactive_run-6_eeg	sub-0000	4.36	-0.27	63	42	1	0	3.31	150	0.9973	0.00735
sub-0001_task-thermalactive_run-3_eeg	sub-0001	2.17	-0.19	63	32	2	0	9.57	150	0.93804	0.22437
sub-0001_task-thermalactive_run-1_eeg	sub-0001	2.76	-0.4	63	36	3	0	8.38	150	0.95698	0.21653
sub-0001_task-thermalactive_run-2_eeg	sub-0001	2.27	-0.15	63	32	1	0	6.31	150	0.98273	0.13514
sub-0001_task-thermalactive_run-4_eeg	sub-0001	2.92	0.0	63	34	1	0	7.25	150	0.98324	0.13255
sub-0001_task-thermalactive_run-5_eeg	sub-0001	2.4	-0.41	63	32	3	0	6.26	150	0.99368	0.09436
sub-0001_task-thermalactive_run-6_eeg	sub-0001	1.77	-0.31	63	31	2	0	10.25	150	0.96903	0.19688
sub-0003_task-thermalactive_run-3_eeg	sub-0003	2.44	-0.12	63	36	3	0	25.04	150	0.99532	0.05466
sub-0003_task-thermalactive_run-1_eeg	sub-0003	3.05	0.11	63	37	3	0	14.78	150	0.99597	0.05717
sub-0003_task-thermalactive_run-2_eeg	sub-0003	2.86	-0.09	63	37	0	0	1.9	150	0.99555	0.05617
sub-0003_task-thermalactive_run-4_eeg	sub-0003	2.85	-0.1	63	37	0	0	2.6	150	0.99563	0.05592
sub-0003_task-thermalactive_run-5_eeg	sub-0003	3.1	-0.19	63	40	1	1	1.92	150	0.99435	0.05985
sub-0003_task-thermalactive_run-6_eeg	sub-0003	3.44	-0.07	63	40	1	0	2.19	150	0.9944	0.05049
sub-0004_task-thermalactive_run-1_eeg	sub-0004	2.17	-0.13	63	29	1	1	2.29	150	0.99827	0.04988
sub-0004_task-thermalactive_run-2_eeg	sub-0004	2.12	0.01	63	27	0	0	2.04	150	0.99753	0.05101
sub-0004_task-thermalactive_run-3_eeg	sub-0004	1.86	0.19	63	26	1	2	1.92	150	0.99773	0.04602
sub-0004_task-thermalactive_run-6_eeg	sub-0004	1.91	0.18	63	27	3	3	2.06	150	0.99794	0.03192
sub-0004_task-thermalactive_run-4_eeg	sub-0004	2.51	-0.03	63	31	3	3	2.19	150	0.99791	0.04069
sub-0004_task-thermalactive_run-5_eeg	sub-0004	1.4	0.03	63	23	0	0	1.97	150	0.99983	0.01683
sub-0005_task-thermalactive_run-3_eeg	sub-0005	2.17	-0.0	63	30	3	1	16.47	150	0.99354	0.06453
sub-0005_task-thermalactive_run-1_eeg	sub-0005	1.6	0.25	63	23	0	0	2.43	150	0.99259	0.08324
sub-0005_task-thermalactive_run-2_eeg	sub-0005	2.74	-0.02	63	32	1	0	2.24	150	0.9933	0.07209
sub-0005_task-thermalactive_run-4_eeg	sub-0005	2.16	0.17	63	27	1	1	3.25	150	0.99582	0.05421
sub-0005_task-thermalactive_run-6_eeg	sub-0005	2.31	0.0	63	28	3	1	27.43	150	0.99462	0.04763
sub-0005_task-thermalactive_run-5_eeg	sub-0005	3.25	0.29	63	36	3	1	2.66	150	0.99411	0.04812
sub-0006_task-thermalactive_run-1_eeg	sub-0006	1.37	0.11	63	20	3	0	23.51	150	0.99427	0.06088
sub-0006_task-thermalactive_run-2_eeg	sub-0006	1.12	0.11	63	15	5	1	40.1	150	0.98772	0.10076
sub-0006_task-thermalactive_run-3_eeg	sub-0006	4.28	-0.54	63	43	2	2	3.11	150	0.99193	0.07231
sub-0006_task-thermalactive_run-4_eeg	sub-0006	3.84	-0.59	63	43	0	0	3.79	150	0.99421	0.05537
sub-0006_task-thermalactive_run-5_eeg	sub-0006	5.12	-0.57	63	45	3	1	3.67	150	0.99236	0.06744
sub-0006_task-thermalactive_run-6_eeg	sub-0006	4.82	-0.69	63	47	5	1	5.05	150	0.98801	0.07321
sub-0007_task-thermalactive_run-1_eeg	sub-0007	2.18	0.33	63	30	0	0	1.57	150	0.99631	0.06021
sub-0007_task-thermalactive_run-2_eeg	sub-0007	3.13	-0.16	63	37	0	0	2.3	150	0.9967	0.06251
sub-0007_task-thermalactive_run-3_eeg	sub-0007	2.92	-0.22	63	37	2	1	2.68	150	0.99719	0.05933
sub-0007_task-thermalactive_run-5_eeg	sub-0007	3.05	-0.09	63	40	2	0	3.86	150	0.99843	0.04592
sub-0007_task-thermalactive_run-4_eeg	sub-0007	2.2	-0.03	63	32	3	1	19.56	150	0.99729	0.05837
sub-0007_task-thermalactive_run-6_eeg	sub-0007	3.54	-0.2	63	40	3	0	5.34	150	0.99776	0.04689
sub-0008_task-thermalactive_run-1_eeg	sub-0008	4.01	-0.39	63	42	1	0	3.5	150	0.98769	0.08455
sub-0008_task-thermalactive_run-2_eeg	sub-0008	4.81	-0.43	63	43	1	0	5.09	150	0.98525	0.07883
sub-0008_task-thermalactive_run-3_eeg	sub-0008	5.03	-0.32	63	46	4	0	3.09	150	0.98466	0.0667
sub-0008_task-thermalactive_run-4_eeg	sub-0008	5.12	-0.15	63	47	3	1	6.05	150	0.90087	0.16587
sub-0008_task-thermalactive_run-5_eeg	sub-0008	4.87	-0.39	63	45	3	0	4.27	150	0.98204	0.0479
sub-0008_task-thermalactive_run-6_eeg	sub-0008	5.22	0.04	63	46	3	0	3.03	150	0.98213	0.04509
sub-0009_task-thermalactive_run-1_eeg	sub-0009	3.96	-0.51	63	37	0	5	1.42	150	0.99751	0.05978
sub-0009_task-thermalactive_run-2_eeg	sub-0009	4.55	0.17	63	41	2	1	2.48	150	0.99357	0.07065
sub-0009_task-thermalactive_run-3_eeg	sub-0009	4.67	-0.49	63	43	1	2	1.88	150	0.99255	0.06598
sub-0009_task-thermalactive_run-5_eeg	sub-0009	2.86	-0.23	63	37	2	0	5.57	150	0.99777	0.04421
sub-0009_task-thermalactive_run-4_eeg	sub-0009	4.92	-0.43	63	43	3	2	4.62	150	0.9945	0.05413
sub-0009_task-thermalactive_run-6_eeg	sub-0009	4.46	-0.23	63	39	3	0	4.61	150	0.97334	0.1141
sub-0010_task-thermalactive_run-2_eeg	sub-0010	3.1	-0.12	63	37	1	0	3.73	150	0.99519	0.07103
sub-0010_task-thermalactive_run-1_eeg	sub-0010	1.43	0.03	63	21	4	1	7.15	150	0.99034	0.10576
sub-0010_task-thermalactive_run-3_eeg	sub-0010	2.54	0.05	63	34	1	0	3.88	150	0.99518	0.06434
sub-0010_task-thermalactive_run-4_eeg	sub-0010	3.51	-0.06	63	38	2	1	2.9	150	0.99402	0.06096
sub-0010_task-thermalactive_run-6_eeg	sub-0010	3.05	-0.49	63	37	2	2	4.13	150	0.99481	0.04415
sub-0010_task-thermalactive_run-5_eeg	sub-0010	2.55	-0.14	63	37	4	0	6.38	150	0.99451	0.05244
sub-0011_task-thermalactive_run-1_eeg	sub-0011	3.33	-0.81	63	39	2	0	3.41	150	0.98948	0.09322
sub-0011_task-thermalactive_run-2_eeg	sub-0011	2.67	-0.0	63	36	0	0	2.67	150	0.96218	0.16104
sub-0011_task-thermalactive_run-3_eeg	sub-0011	2.29	0.31	63	32	0	0	2.0	150	0.98801	0.07033
sub-0011_task-thermalactive_run-4_eeg	sub-0011	4.17	-0.81	63	42	4	1	20.39	150	0.98726	0.05637
sub-0011_task-thermalactive_run-6_eeg	sub-0011	4.5	-1.11	63	43	3	1	4.81	150	0.98683	0.0406
sub-0011_task-thermalactive_run-5_eeg	sub-0011	2.6	0.0	63	37	4	0	7.7	150	0.98593	0.05087
sub-0012_task-thermalactive_run-1_eeg	sub-0012	2.18	-0.04	63	33	2	0	16.05	150	0.99864	0.04615
sub-0012_task-thermalactive_run-2_eeg	sub-0012	2.45	0.02	63	35	1	0	15.35	150	0.99912	0.04042
sub-0012_task-thermalactive_run-3_eeg	sub-0012	3.72	-0.22	63	41	1	0	2.86	150	0.9948	0.07934
sub-0012_task-thermalactive_run-4_eeg	sub-0012	3.89	-0.04	63	42	0	0	3.32	150	0.99379	0.07977
sub-0012_task-thermalactive_run-5_eeg	sub-0012	3.2	-0.29	63	41	1	0	2.73	150	0.99229	0.08774
sub-0012_task-thermalactive_run-6_eeg	sub-0012	4.03	-0.56	63	41	2	1	3.97	150	0.99384	0.07512
sub-0013_task-thermalactive_run-1_eeg	sub-0013	0.98	0.32	63	12	4	0	11.78	150	0.99805	0.04898
sub-0013_task-thermalactive_run-2_eeg	sub-0013	1.03	0.14	63	14	1	1	2.12	150	0.99944	0.02717
sub-0013_task-thermalactive_run-3_eeg	sub-0013	1.06	0.17	63	17	0	0	2.73	150	0.99911	0.035
sub-0013_task-thermalactive_run-4_eeg	sub-0013	1.09	-0.0	63	20	1	0	2.98	150	0.99896	0.03671
sub-0013_task-thermalactive_run-5_eeg	sub-0013	1.32	0.25	63	18	1	0	2.93	150	0.99834	0.04161
sub-0013_task-thermalactive_run-6_eeg	sub-0013	0.79	0.29	63	20	1	0	9.19	150	0.99836	0.0435
sub-0014_task-thermalactive_run-1_eeg	sub-0014	2.23	0.11	63	32	0	0	1.89	150	0.99862	0.04078
sub-0014_task-thermalactive_run-3_eeg	sub-0014	1.56	0.24	63	25	1	1	2.41	150	0.99859	0.03822
sub-0014_task-thermalactive_run-2_eeg	sub-0014	2.05	0.3	63	31	0	0	1.88	150	0.99805	0.04482
sub-0014_task-thermalactive_run-4_eeg	sub-0014	1.77	0.08	63	30	0	1	1.75	150	0.99884	0.03663
sub-0014_task-thermalactive_run-6_eeg	sub-0014	1.49	0.44	63	26	2	2	2.07	150	0.99808	0.03932
sub-0014_task-thermalactive_run-5_eeg	sub-0014	1.43	0.19	63	26	4	1	16.19	150	0.99846	0.03807
sub-0015_task-thermalactive_run-2_eeg	sub-0015	2.94	0.18	63	36	2	0	3.62	150	0.99352	0.05989
sub-0015_task-thermalactive_run-1_eeg	sub-0015	2.23	-0.1	63	32	4	0	5.13	150	0.99938	0.03253
sub-0015_task-thermalactive_run-3_eeg	sub-0015	3.04	-0.0	63	35	3	1	2.84	150	0.99357	0.05146
sub-0015_task-thermalactive_run-5_eeg	sub-0015	3.12	-0.04	63	37	6	0	3.79	150	0.99497	0.0409
sub-0015_task-thermalactive_run-4_eeg	sub-0015	3.06	-0.23	63	38	3	1	2.87	150	0.99656	0.04294
sub-0015_task-thermalactive_run-6_eeg	sub-0015	2.69	0.29	63	35	2	0	3.33	150	0.9937	0.03857
