recording	participant	candidate	residual_stage	spatial_rank	residual_protocol	channel_name	band	band_low_hz	band_high_hz	kind	position	authorized_line_hz	neighbouring_line_hz	centre_frequency_hz	injection_start_frequency_hz	injection_drift_hz	injection_occupancy	injection_phase_rad	phase_modulation_hz	phase_deviation_rad	injection_amplitude_v	requested_component_to_background_db	background_recovery_runtime_s	background_residual_runtime_s	injected_recovery_runtime_s	injected_residual_runtime_s	background_residual_round_count	injected_residual_round_count	filter_geometry_changed	injected_frequency_fir_unavailable	background_band_retained_share	injected_band_retained_share	background_terminal_residual_detector_null	background_targeted_local_background_excess_null	stage	injected_energy_v2	difference_energy_v2	measured_component_to_background_db	remaining_fraction	collateral_fraction	amplitude_ratio	component_error_fraction	component_correlation	subspace_phase_error_degrees	band_power_ratio	band_power_change_db	band_phase_error_degrees	terminal_residual_detector_null	targeted_local_background_excess_null	artifact_gate_passed	preservation_gate_passed	offset_hz	tooth_hz
sub-0010_task-thermalactive_run-1_eeg	sub-0010	multitaper	lines		frozen	Cz	comb54	53.6	55.6	stationary	exact	54.0	55.2	54.0	54.0	0.0	1.0	0.4487989505128276	0.0	0.0	4.676684463770448e-07	-10.0	7.233839749998879	12.458333167014644	6.665389833011432	5.132007624983089	2	2	False	False	1.0	1.0	True	False	recovery	5.4804976707171025e-08	7.451989898230267e-11	-10.0	0.00018491922483129323	0.0011748094614971447	0.013598500830286154	1.02734486795535	-0.9986376097440515	177.0088394684157	0.0008499495024812713	-30.70606875985944	175.0869303960176					0.0	54.0
sub-0010_task-thermalactive_run-1_eeg	sub-0010	multitaper	lines		frozen	Cz	comb54	53.6	55.6	stationary	exact	54.0	55.2	54.0	54.0	0.0	1.0	0.4487989505128276	0.0	0.0	4.676684463770448e-07	-10.0	7.233839749998879	12.458333167014644	6.665389833011432	5.132007624983089	2	2	False	False	1.0	1.0	True	False	final	5.4804976707171025e-08	7.425109686567212e-11	-10.0	0.00018509072751662196	0.001169733256122737	0.013604805309765442	1.0273579190248157	-0.9986481863799411	177.02047534904932	0.0008500039925912491	-30.705790343371476	175.08654662230597	False	False	False		0.0	54.0
sub-0010_task-thermalactive_run-1_eeg	sub-0010	multitaper	lines		frozen	Cz	comb54	53.6	55.6	stationary	near	54.0	55.2	54.025	54.025	0.0	1.0	0.4487989505128276	0.0	0.0	1.7376980256105045e-07	-10.0	7.233839749998879	12.458333167014644	7.228730334027205	5.313137791003101	2	2	False	False	1.0	1.0	True	False	recovery	7.566415257650965e-09	2.922757057900051e-10	-10.0	0.03249919331031948	0.0061288353977876995	0.18027532640469543	0.6719526187359597	0.9999886888707615	0.27251514162697804	0.04191980488871215	-13.775807473972513	12.885501135009822					0.025	54.0
sub-0010_task-thermalactive_run-1_eeg	sub-0010	multitaper	lines		frozen	Cz	comb54	53.6	55.6	stationary	near	54.0	55.2	54.025	54.025	0.0	1.0	0.4487989505128276	0.0	0.0	1.7376980256105045e-07	-10.0	7.233839749998879	12.458333167014644	7.228730334027205	5.313137791003101	2	2	False	False	1.0	1.0	True	False	final	7.566415257650965e-09	2.9223500042352973e-10	-10.0	0.032505788348217476	0.006116860617291919	0.18029361704790736	0.6719226140575892	0.9999887411289076	0.2718848929121661	0.041926794986655976	-13.77508335135418	12.884683246136323	False	False	False		0.025	54.0
sub-0010_task-thermalactive_run-1_eeg	sub-0010	multitaper	lines		frozen	Cz	comb54	53.6	55.6	stationary	near	54.0	55.2	54.05	54.05	0.0	1.0	0.4487989505128276	0.0	0.0	9.498482129596631e-08	-10.0	7.233839749998879	12.458333167014644	7.809714333008742	5.727367415995104	2	2	False	False	1.0	1.0	True	False	recovery	2.2607418761425184e-09	5.520723636045418e-10	-9.999999999999998	0.23162168134084582	0.012577963665310055	0.4812709022378621	0.2690803966235127	0.9999994600147353	0.0595427968796478	0.2526190775188539	-5.975338550937846	7.946361896899554					0.05	54.0
sub-0010_task-thermalactive_run-1_eeg	sub-0010	multitaper	lines		frozen	Cz	comb54	53.6	55.6	stationary	near	54.0	55.2	54.05	54.05	0.0	1.0	0.4487989505128276	0.0	0.0	9.498482129596631e-08	-10.0	7.233839749998879	12.458333167014644	7.809714333008742	5.727367415995104	2	2	False	False	1.0	1.0	True	False	final	2.2607418761425184e-09	5.519310055415146e-10	-9.999999999999998	0.23158336813876956	0.012553749577328728	0.481231096396284	0.26912168635429595	0.999999469061644	0.059041900206640005	0.2525751155999485	-5.976094395684392	7.9466113306593815	False	False	False		0.05	54.0
sub-0010_task-thermalactive_run-1_eeg	sub-0010	multitaper	lines		frozen	Cz	comb54	53.6	55.6	stationary	near	54.0	55.2	54.075	54.075	0.0	1.0	0.4487989505128276	0.0	0.0	1.232152961573008e-07	-10.0	7.233839749998879	12.458333167014644	7.585196375002852	5.667160207987763	2	2	False	False	1.0	1.0	True	False	recovery	3.804284911853363e-09	2.375311453375048e-09	-10.000000000000002	0.6194213731828834	0.0049565344691326054	0.7870332732374683	0.045354830012422465	0.9999999979006761	0.0037126089963994743	0.6308946830124332	-2.0004313267975258	2.712963394210683					0.075	54.0
sub-0010_task-thermalactive_run-1_eeg	sub-0010	multitaper	lines		frozen	Cz	comb54	53.6	55.6	stationary	near	54.0	55.2	54.075	54.075	0.0	1.0	0.4487989505128276	0.0	0.0	1.232152961573008e-07	-10.0	7.233839749998879	12.458333167014644	7.585196375002852	5.667160207987763	2	2	False	False	1.0	1.0	True	False	final	3.804284911853363e-09	2.3753950466573995e-09	-10.000000000000002	0.6194428651835256	0.0049570159232454536	0.7870469269259144	0.04534901583532301	0.9999999971389089	0.0043341639572507555	0.6309382500367644	-2.0001314310225475	2.7131735324670974	False	False	False		0.075	54.0
sub-0010_task-thermalactive_run-1_eeg	sub-0010	multitaper	lines		frozen	Cz	comb54	53.6	55.6	stationary	near	54.0	55.2	54.1	54.1	0.0	1.0	0.4487989505128276	0.0	0.0	1.0338653986099439e-07	-10.0	7.233839749998879	12.458333167014644	7.910375250008656	6.031676124985097	2	2	False	False	1.0	1.0	True	False	recovery	2.6783632055054813e-09	2.607892435676172e-09	-9.999999999999998	0.9732364082468633	0.00045245901183972077	0.9865274493124169	0.00018165896996877304	0.9999999243062422	0.02229293253082327	0.980017621971359	-0.08766115066571913	0.3337107048711539					0.1	54.0
sub-0010_task-thermalactive_run-1_eeg	sub-0010	multitaper	lines		frozen	Cz	comb54	53.6	55.6	stationary	near	54.0	55.2	54.1	54.1	0.0	1.0	0.4487989505128276	0.0	0.0	1.0338653986099439e-07	-10.0	7.233839749998879	12.458333167014644	7.910375250008656	6.031676124985097	2	2	False	False	1.0	1.0	True	False	final	2.6783632055054813e-09	2.608290235725668e-09	-9.999999999999998	0.9733777929679333	0.0004595978550829087	0.9865991044836465	0.00017974907003836114	0.9999999163442386	0.023436086748874485	0.9801747067030406	-0.0869650859856501	0.33365205411876714	False	False	False		0.1	54.0
sub-0010_task-thermalactive_run-1_eeg	sub-0010	multitaper	lines		frozen	Cz	comb54	53.6	55.6	stationary	near	54.0	55.2	54.15	54.15	0.0	1.0	0.4487989505128276	0.0	0.0	1.112801191675145e-07	-10.0	7.233839749998879	12.458333167014644	7.477281792002032	5.43137375000515	2	2	False	False	1.0	1.0	True	False	recovery	3.1029791346119505e-09	3.3701818036390456e-09	-10.0	1.0786888454550594	0.007422809646565402	1.0385994634386537	0.0014902243303057112	0.9999998528053574	0.031087471297317027	1.1132238187131378	0.46582489994934273	3.978481788798977					0.15	54.0
sub-0010_task-thermalactive_run-1_eeg	sub-0010	multitaper	lines		frozen	Cz	comb54	53.6	55.6	stationary	near	54.0	55.2	54.15	54.15	0.0	1.0	0.4487989505128276	0.0	0.0	1.112801191675145e-07	-10.0	7.233839749998879	12.458333167014644	7.477281792002032	5.43137375000515	2	2	False	False	1.0	1.0	True	False	final	3.1029791346119505e-09	3.370533053305122e-09	-10.0	1.078794013676985	0.007430838984517822	1.0386500920314718	0.0014941465263618465	0.9999998474402865	0.031648951567083666	1.1133582905111676	0.4663494740010701	3.978614881008524	False	False	False		0.15	54.0
sub-0010_task-thermalactive_run-1_eeg	sub-0010	multitaper	lines		frozen	Cz	comb54	53.6	55.6	stationary	near	54.0	55.2	54.2	54.2	0.0	1.0	0.4487989505128276	0.0	0.0	9.348609314214543e-08	-10.0	7.233839749998879	12.458333167014644	7.018729290983174	5.538277959014522	2	2	False	False	1.0	1.0	True	False	recovery	2.1899636603731643e-09	2.190936390839349e-09	-10.0	0.9994564138861552	0.0009877626468855012	0.9997281699973024	1.0741097413535107e-07	0.9999999832357311	0.010491338389744689	1.0045598883593543	0.01975832979433661	0.46288007411713383					0.2	54.0
sub-0010_task-thermalactive_run-1_eeg	sub-0010	multitaper	lines		frozen	Cz	comb54	53.6	55.6	stationary	near	54.0	55.2	54.2	54.2	0.0	1.0	0.4487989505128276	0.0	0.0	9.348609314214543e-08	-10.0	7.233839749998879	12.458333167014644	7.018729290983174	5.538277959014522	2	2	False	False	1.0	1.0	True	False	final	2.1899636603731643e-09	2.1905215498119414e-09	-10.0	0.9992654505034453	0.000989297759609135	0.99963265778157	1.695490161221875e-07	0.999999982689286	0.010660954260250302	1.004372658472082	0.018948816231988377	0.46291974432777844	False	False	False		0.2	54.0
sub-0010_task-thermalactive_run-1_eeg	sub-0010	multitaper	lines		frozen	Cz	comb54	53.6	55.6	stationary	near	54.0	55.2	54.3	54.3	0.0	1.0	0.4487989505128276	0.0	0.0	8.72741738543238e-08	-10.0	7.233839749998879	12.458333167014644	7.810635125002591	5.597836625005584	2	2	False	False	1.0	1.0	True	False	recovery	1.9086001322549913e-09	1.920355285588588e-09	-10.0	0.9997345841108429	0.006424460486894817	0.9998672832485535	1.843923165046485e-08	0.9999999995871972	0.0016463051718043362	0.9995449038531078	-0.001976907328889202	0.16304099883356135					0.3	54.0
sub-0010_task-thermalactive_run-1_eeg	sub-0010	multitaper	lines		frozen	Cz	comb54	53.6	55.6	stationary	near	54.0	55.2	54.3	54.3	0.0	1.0	0.4487989505128276	0.0	0.0	8.72741738543238e-08	-10.0	7.233839749998879	12.458333167014644	7.810635125002591	5.597836625005584	2	2	False	False	1.0	1.0	True	False	final	1.9086001322549913e-09	1.920691314760934e-09	-10.0	0.9999003848968927	0.006434720242070179	0.9999501912079884	3.252312313293356e-09	0.9999999996142827	0.0015913797215082956	0.9997359060181047	-0.0011470970677939876	0.16304888088333466	False	False	False		0.3	54.0
sub-0010_task-thermalactive_run-1_eeg	sub-0010	multitaper	lines		frozen	Cz	comb54	53.6	55.6	stationary	near	54.0	55.2	54.45	54.45	0.0	1.0	0.4487989505128276	0.0	0.0	3.846274753504428e-08	-10.0	7.233839749998879	12.458333167014644	6.962421958014602	5.253815249976469	2	2	False	False	1.0	1.0	True	False	recovery	3.707010188645606e-10	3.7082371834739844e-10	-9.999999999999998	1.0000309507226504	0.0003000423866418435	1.0000154752415835	1.43576209653406e-09	0.9999999994018697	0.0019816947078482197	1.000516055987085	0.0022406245812891536	0.544433673236699					0.45	54.0
sub-0010_task-thermalactive_run-1_eeg	sub-0010	multitaper	lines		frozen	Cz	comb54	53.6	55.6	stationary	near	54.0	55.2	54.45	54.45	0.0	1.0	0.4487989505128276	0.0	0.0	3.846274753504428e-08	-10.0	7.233839749998879	12.458333167014644	6.962421958014602	5.253815249976469	2	2	False	False	1.0	1.0	True	False	final	3.707010188645606e-10	3.7088976629840445e-10	-9.999999999999998	1.0002077479265017	0.00030141558862817894	1.000103868568911	1.1456228149023092e-08	0.9999999996662604	0.0014802761553690976	1.0007182681086286	0.0031182790148741365	0.5443799003241717	False	False	False		0.45	54.0
sub-0010_task-thermalactive_run-1_eeg	sub-0010	multitaper	lines		frozen	Cz	comb54	53.6	55.6	stationary	near	54.0	55.2	54.6	54.6	0.0	1.0	0.4487989505128276	0.0	0.0	1.1889397239327503e-07	-10.0	7.233839749998879	12.458333167014644	7.674335459014401	5.409963040990988	2	2	False	False	1.0	1.0	True	False	recovery	3.542113945524357e-09	3.5431148632132248e-09	-10.0	0.9999507852445444	0.0003317911218946124	0.9999753923195033	1.04505483520859e-09	0.999999999780236	0.0012012037622612355	1.0002729275028013	0.001185147361963063	0.04036243156503359					0.6	54.0
sub-0010_task-thermalactive_run-1_eeg	sub-0010	multitaper	lines		frozen	Cz	comb54	53.6	55.6	stationary	near	54.0	55.2	54.6	54.6	0.0	1.0	0.4487989505128276	0.0	0.0	1.1889397239327503e-07	-10.0	7.233839749998879	12.458333167014644	7.674335459014401	5.409963040990988	2	2	False	False	1.0	1.0	True	False	final	3.542113945524357e-09	3.5435815148031646e-09	-10.0	1.0000712685045465	0.000343051673021758	1.000035633617396	1.2940547643683156e-09	0.9999999999878503	0.0002824357241320162	1.0004195555276936	0.0018217243747446657	0.040387208489668945	False	False	False		0.6	54.0
sub-0010_task-thermalactive_run-1_eeg	sub-0010	multitaper	lines		frozen	Cz	comb54	53.6	55.6	intermittent	exact	54.0	55.2	54.0	54.0	0.0	0.5	0.4487989505128276	0.0	0.0	5.295709219375942e-07	-10.0	7.233839749998879	12.458333167014644	7.508516458008671	6.190142665989697	2	2	False	False	1.0	1.0	True	False	recovery	3.5136701788541265e-08	2.032747389588401e-10	-10.0	5.8759030543992375e-05	0.005726494809790326	0.007665443923478429	1.0153554939752514	-0.9977722815149141	176.17484503878885	0.005526832469250213	-22.57523699663366	146.5868028739305					0.0	54.0
sub-0010_task-thermalactive_run-1_eeg	sub-0010	multitaper	lines		frozen	Cz	comb54	53.6	55.6	intermittent	exact	54.0	55.2	54.0	54.0	0.0	0.5	0.4487989505128276	0.0	0.0	5.295709219375942e-07	-10.0	7.233839749998879	12.458333167014644	7.508516458008671	6.190142665989697	2	2	False	False	1.0	1.0	True	False	final	3.5136701788541265e-08	2.025697810948641e-10	-10.0	5.9054681220111856e-05	0.0057061358683643095	0.007684704367775761	1.01539437358441	-0.997781968522785	176.18317382843958	0.005526932700921897	-22.575158236028102	146.58479004119482	False	False	False		0.0	54.0
sub-0010_task-thermalactive_run-1_eeg	sub-0010	multitaper	lines		frozen	Cz	comb54	53.6	55.6	intermittent	near	54.0	55.2	54.025	54.025	0.0	0.5	0.4487989505128276	0.0	0.0	4.86534640641937e-07	-10.0	7.233839749998879	12.458333167014644	8.45212854098645	5.713634917017771	2	2	False	False	1.0	1.0	True	False	recovery	2.9657816916361424e-08	1.333593809929503e-09	-10.0	0.03541452165097444	0.009551492324039708	0.18818746411749757	0.6590409992171701	0.9999962648915075	0.15659903848341136	0.04940576162073671	-13.062224013965253	17.137285501777985					0.025	54.0
sub-0010_task-thermalactive_run-1_eeg	sub-0010	multitaper	lines		frozen	Cz	comb54	53.6	55.6	intermittent	near	54.0	55.2	54.025	54.025	0.0	0.5	0.4487989505128276	0.0	0.0	4.86534640641937e-07	-10.0	7.233839749998879	12.458333167014644	8.45212854098645	5.713634917017771	2	2	False	False	1.0	1.0	True	False	final	2.9657816916361424e-08	1.3329544914714935e-09	-10.0	0.035412765929235514	0.009531691554960928	0.18818279923849446	0.659048569257616	0.9999962754157793	0.15637826117087675	0.04941186137512871	-13.061687856628847	17.136336895406394	False	False	False		0.025	54.0
sub-0010_task-thermalactive_run-1_eeg	sub-0010	multitaper	lines		frozen	Cz	comb54	53.6	55.6	intermittent	near	54.0	55.2	54.05	54.05	0.0	0.5	0.4487989505128276	0.0	0.0	1.2240122725643768e-07	-10.0	7.233839749998879	12.458333167014644	8.230452959018294	5.939073958987137	2	2	False	False	1.0	1.0	True	False	recovery	1.877094597823033e-09	4.587710510114989e-10	-10.0	0.23280752202228114	0.011597342571945937	0.4825013181560037	0.2678052336895929	0.9999996394006542	0.048657835460567136	0.2586658896954804	-5.87260837977475	9.981128049638222					0.05	54.0
sub-0010_task-thermalactive_run-1_eeg	sub-0010	multitaper	lines		frozen	Cz	comb54	53.6	55.6	intermittent	near	54.0	55.2	54.05	54.05	0.0	0.5	0.4487989505128276	0.0	0.0	1.2240122725643768e-07	-10.0	7.233839749998879	12.458333167014644	8.230452959018294	5.939073958987137	2	2	False	False	1.0	1.0	True	False	final	1.877094597823033e-09	4.586565199099996e-10	-10.0	0.23275670662132397	0.011587142879885964	0.48244865697950073	0.26785974034232285	0.9999996396715017	0.048639558495557816	0.2586319931972991	-5.873177532003044	9.98130425198188	False	False	False		0.05	54.0
sub-0010_task-thermalactive_run-1_eeg	sub-0010	multitaper	lines		frozen	Cz	comb54	53.6	55.6	intermittent	near	54.0	55.2	54.075	54.075	0.0	0.5	0.4487989505128276	0.0	0.0	1.5273856360428586e-07	-10.0	7.233839749998879	12.458333167014644	7.841755999979796	5.607113375008339	2	2	False	False	1.0	1.0	True	False	recovery	2.9228514131407336e-09	1.8020527512327777e-09	-10.0	0.6099386900571508	0.006600605485228987	0.7809857169354321	0.047967350094484475	0.9999999398784155	0.019867821060626324	0.6291165938080081	-2.0126885955476657	4.7857922495249365					0.075	54.0
sub-0010_task-thermalactive_run-1_eeg	sub-0010	multitaper	lines		frozen	Cz	comb54	53.6	55.6	intermittent	near	54.0	55.2	54.075	54.075	0.0	0.5	0.4487989505128276	0.0	0.0	1.5273856360428586e-07	-10.0	7.233839749998879	12.458333167014644	7.841755999979796	5.607113375008339	2	2	False	False	1.0	1.0	True	False	final	2.9228514131407336e-09	1.8020703912006573e-09	-10.0	0.6099358121399894	0.006609518593809413	0.7809838744429934	0.04796815716448857	0.9999999398768086	0.01986808656109351	0.6291488207522621	-2.0124661308132907	4.786335237992732	False	False	False		0.075	54.0
sub-0010_task-thermalactive_run-1_eeg	sub-0010	multitaper	lines		frozen	Cz	comb54	53.6	55.6	intermittent	near	54.0	55.2	54.1	54.1	0.0	0.5	0.4487989505128276	0.0	0.0	1.4300981556082173e-07	-10.0	7.233839749998879	12.458333167014644	7.149562082980992	5.605425667017698	2	2	False	False	1.0	1.0	True	False	recovery	2.562369409996381e-09	2.4761251340796108e-09	-9.999999999999998	0.9626474760353181	0.0036945058895981055	0.9811460013857867	0.00035547627310117993	0.9999999984664076	0.0031731509956625524	0.9720416990873888	-0.12315104111679047	2.5695600112709966					0.1	54.0
sub-0010_task-thermalactive_run-1_eeg	sub-0010	multitaper	lines		frozen	Cz	comb54	53.6	55.6	intermittent	near	54.0	55.2	54.1	54.1	0.0	0.5	0.4487989505128276	0.0	0.0	1.4300981556082173e-07	-10.0	7.233839749998879	12.458333167014644	7.149562082980992	5.605425667017698	2	2	False	False	1.0	1.0	True	False	final	2.562369409996381e-09	2.4764151120279333e-09	-9.999999999999998	0.9627420954502405	0.0037130543680587596	0.9811942190261012	0.00035366038347269733	0.9999999984786732	0.003160436161391779	0.9721751960043249	-0.12255463672781594	2.569238316383773	False	False	False		0.1	54.0
sub-0010_task-thermalactive_run-1_eeg	sub-0010	multitaper	lines		frozen	Cz	comb54	53.6	55.6	intermittent	near	54.0	55.2	54.15	54.15	0.0	0.5	0.4487989505128276	0.0	0.0	1.183932419142696e-07	-10.0	7.233839749998879	12.458333167014644	7.772015333001036	5.442811874992913	2	2	False	False	1.0	1.0	True	False	recovery	1.7561552315344212e-09	1.908165754809808e-09	-10.0	1.0790978401567357	0.007460865216108631	1.0387963420019999	0.0015054233293152225	0.9999998714008858	0.02905720010116937	1.110570601468943	0.4554617283832874	4.150758763346516					0.15	54.0
sub-0010_task-thermalactive_run-1_eeg	sub-0010	multitaper	lines		frozen	Cz	comb54	53.6	55.6	intermittent	near	54.0	55.2	54.15	54.15	0.0	0.5	0.4487989505128276	0.0	0.0	1.183932419142696e-07	-10.0	7.233839749998879	12.458333167014644	7.772015333001036	5.442811874992913	2	2	False	False	1.0	1.0	True	False	final	1.7561552315344212e-09	1.9083094767731438e-09	-10.0	1.079159322776918	0.0074812215819213615	1.0388259347825881	0.001507720747228834	0.9999998712318019	0.029076296192373074	1.110678709389326	0.4558844695234194	4.150900681665163	False	False	False		0.15	54.0
sub-0010_task-thermalactive_run-1_eeg	sub-0010	multitaper	lines		frozen	Cz	comb54	53.6	55.6	intermittent	near	54.0	55.2	54.2	54.2	0.0	0.5	0.4487989505128276	0.0	0.0	9.947526620154718e-08	-10.0	7.233839749998879	12.458333167014644	7.6392010409908835	5.291353124979651	2	2	False	False	1.0	1.0	True	False	recovery	1.23977620678791e-09	1.2401044786479468e-09	-9.999999999999998	0.9986568159605922	0.0016079671980927396	0.9993281823107923	5.490190202338945e-07	0.99999995112716	0.017913174618581995	1.0040045707258158	0.017356899369703097	1.6854037998405815					0.2	54.0
sub-0010_task-thermalactive_run-1_eeg	sub-0010	multitaper	lines		frozen	Cz	comb54	53.6	55.6	intermittent	near	54.0	55.2	54.2	54.2	0.0	0.5	0.4487989505128276	0.0	0.0	9.947526620154718e-08	-10.0	7.233839749998879	12.458333167014644	7.6392010409908835	5.291353124979651	2	2	False	False	1.0	1.0	True	False	final	1.23977620678791e-09	1.2398953934750322e-09	-9.999999999999998	0.9984685371833907	0.001627598463103919	0.9992339751946941	6.845513955539285e-07	0.9999999510838322	0.017921113211559838	1.0038557441441474	0.01671308403236276	1.685449721307913	False	False	False		0.2	54.0
sub-0010_task-thermalactive_run-1_eeg	sub-0010	multitaper	lines		frozen	Cz	comb54	53.6	55.6	intermittent	near	54.0	55.2	54.3	54.3	0.0	0.5	0.4487989505128276	0.0	0.0	6.300739915747434e-08	-10.0	7.233839749998879	12.458333167014644	6.820514291990548	6.853147583984537	2	2	False	False	1.0	1.0	True	False	recovery	4.973917425443687e-10	5.003095612460734e-10	-10.0	0.9988930188748656	0.006973219850325728	0.9994463561766912	3.284400948041609e-07	0.9999999890346233	0.008485021328716372	0.9991099352678041	-0.0038672233122543417	1.5798454028966014					0.3	54.0
sub-0010_task-thermalactive_run-1_eeg	sub-0010	multitaper	lines		frozen	Cz	comb54	53.6	55.6	intermittent	near	54.0	55.2	54.3	54.3	0.0	0.5	0.4487989505128276	0.0	0.0	6.300739915747434e-08	-10.0	7.233839749998879	12.458333167014644	6.820514291990548	6.853147583984537	2	2	False	False	1.0	1.0	True	False	final	4.973917425443687e-10	5.003838638929127e-10	-10.0	0.9990236558800576	0.0069919674055973656	0.9995117087258446	2.603557090784771e-07	0.9999999890309732	0.008486433258990634	0.9992775076574768	-0.003138878420152414	1.5797197806307675	False	False	False		0.3	54.0
sub-0010_task-thermalactive_run-1_eeg	sub-0010	multitaper	lines		frozen	Cz	comb54	53.6	55.6	intermittent	near	54.0	55.2	54.45	54.45	0.0	0.5	0.4487989505128276	0.0	0.0	3.856322833331284e-08	-10.0	7.233839749998879	12.458333167014644	7.533504916995298	6.085060250014067	2	2	False	False	1.0	1.0	True	False	recovery	1.8631873012194055e-10	1.863559959856222e-10	-10.0	0.999706875659478	0.000493135706294994	0.9998534270879297	2.1836915646696356e-08	0.9999999998233257	0.0010770163755457476	1.0002949609291807	0.0012808101540104319	0.7882117391894524					0.45	54.0
sub-0010_task-thermalactive_run-1_eeg	sub-0010	multitaper	lines		frozen	Cz	comb54	53.6	55.6	intermittent	near	54.0	55.2	54.45	54.45	0.0	0.5	0.4487989505128276	0.0	0.0	3.856322833331284e-08	-10.0	7.233839749998879	12.458333167014644	7.533504916995298	6.085060250014067	2	2	False	False	1.0	1.0	True	False	final	1.8631873012194055e-10	1.8638477439382132e-10	-10.0	0.9998511973934601	0.0005032719174558323	0.9999255959287471	5.9056175274315604e-09	0.9999999998151603	0.0011016229117515445	1.000479591381957	0.0020823396113604925	0.7881608675188986	False	False	False		0.45	54.0
sub-0010_task-thermalactive_run-1_eeg	sub-0010	multitaper	lines		frozen	Cz	comb54	53.6	55.6	intermittent	near	54.0	55.2	54.6	54.6	0.0	0.5	0.4487989505128276	0.0	0.0	8.512223200012006e-08	-10.0	7.233839749998879	12.458333167014644	8.756467333005276	5.7292596669867635	2	2	False	False	1.0	1.0	True	False	recovery	9.078149752127611e-10	9.078842852888271e-10	-10.0	0.9995596452431597	0.0005167029973660768	0.9997797983772024	4.848878646482993e-08	0.9999999999999842	1.0215549627426738e-05	1.0000745089998848	0.0003235764204930035	0.466184479875289					0.6	54.0
sub-0010_task-thermalactive_run-1_eeg	sub-0010	multitaper	lines		frozen	Cz	comb54	53.6	55.6	intermittent	near	54.0	55.2	54.6	54.6	0.0	0.5	0.4487989505128276	0.0	0.0	8.512223200012006e-08	-10.0	7.233839749998879	12.458333167014644	8.756467333005276	5.7292596669867635	2	2	False	False	1.0	1.0	True	False	final	9.078149752127611e-10	9.079900410055789e-10	-10.0	0.9996565197178711	0.0005363233146857688	0.9998282451090642	2.950070382606767e-08	0.999999999999519	5.6179912264507424e-05	1.0002121883829627	0.0009214246840965294	0.466173752696027	False	False	False		0.6	54.0
sub-0003_task-thermalactive_run-1_eeg	sub-0003	multitaper	lines		frozen	Cz	comb55	54.775000000000006	56.775000000000006	stationary	exact	55.2	56.35000000000001	55.2	55.2	0.0	1.0	0.4487989505128276	0.0	0.0	8.360241975746126e-08	-10.0	7.535043625015533	17.85437474999344	7.92370420799125	6.205319291999331	3	3	False	False	0.9847222222222207	0.9847222222222207	True	False	recovery	1.6331282315051479e-09	1.8045228966602593e-11	-9.999999999999998	1.507473359951229e-05	0.0110344121459283	0.003882619425016092	1.0011597487609105	-0.14741002168994646		0.005472590235782892	-22.61807068758753	140.1400106335987					0.0	55.2
sub-0003_task-thermalactive_run-1_eeg	sub-0003	multitaper	lines		frozen	Cz	comb55	54.775000000000006	56.775000000000006	stationary	exact	55.2	56.35000000000001	55.2	55.2	0.0	1.0	0.4487989505128276	0.0	0.0	8.360241975746126e-08	-10.0	7.535043625015533	17.85437474999344	7.92370420799125	6.205319291999331	3	3	False	False	0.9847222222222207	0.9847222222222207	True	False	final	1.6331282315051479e-09	1.8001847953849936e-11	-9.999999999999998	1.486033891056119e-05	0.01100806340129005	0.003854911012015866	1.0011588782510956	-0.1483844774391961		0.005472926975499196	-22.61780346549496	140.13898744939263	False	False	False		0.0	55.2
sub-0003_task-thermalactive_run-1_eeg	sub-0003	multitaper	lines		frozen	Cz	comb55	54.775000000000006	56.775000000000006	stationary	near	55.2	56.35000000000001	55.225	55.225	0.0	1.0	0.4487989505128276	0.0	0.0	4.0263175508608736e-08	-10.0	7.535043625015533	17.85437474999344	8.018520499987062	5.6797300839971285	3	3	False	False	0.9847222222222207	0.9847222222222207	True	False	recovery	3.7879015353298997e-10	2.3170584114451902e-11	-9.999999999999998	0.04130412424065294	0.01986585047579432	0.20323416110647574	0.634841267158279	0.9999865545965603	0.2971155594288137	0.05789002468794747	-12.373962652226753	12.37922178018507					0.025	55.2
sub-0003_task-thermalactive_run-1_eeg	sub-0003	multitaper	lines		frozen	Cz	comb55	54.775000000000006	56.775000000000006	stationary	near	55.2	56.35000000000001	55.225	55.225	0.0	1.0	0.4487989505128276	0.0	0.0	4.0263175508608736e-08	-10.0	7.535043625015533	17.85437474999344	8.018520499987062	5.6797300839971285	3	3	False	False	0.9847222222222207	0.9847222222222207	True	False	final	3.7879015353298997e-10	2.3164460793777185e-11	-9.999999999999998	0.04131121582566997	0.019842593421273258	0.20325160719086569	0.6348133474492342	0.9999868487994522	0.293846935742231	0.05789487281735147	-12.373598957842717	12.379210537882262	False	False	False		0.025	55.2
sub-0003_task-thermalactive_run-1_eeg	sub-0003	multitaper	lines		frozen	Cz	comb55	54.775000000000006	56.775000000000006	stationary	near	55.2	56.35000000000001	55.25	55.25	0.0	1.0	0.4487989505128276	0.0	0.0	6.354713444931075e-08	-10.0	7.535043625015533	17.85437474999344	8.072978374984814	5.819767958979355	3	3	False	False	0.9847222222222207	0.9847222222222207	True	False	recovery	9.43571072441408e-10	2.478289793492726e-10	-9.999999999999998	0.24599275833323658	0.016657281062350877	0.49597657034706444	0.2540627109762986	0.9999767193265048	0.3909638880293177	0.272389685729025	-5.648093413839844	7.720178749275244					0.05	55.2
sub-0003_task-thermalactive_run-1_eeg	sub-0003	multitaper	lines		frozen	Cz	comb55	54.775000000000006	56.775000000000006	stationary	near	55.2	56.35000000000001	55.25	55.25	0.0	1.0	0.4487989505128276	0.0	0.0	6.354713444931075e-08	-10.0	7.535043625015533	17.85437474999344	8.072978374984814	5.819767958979355	3	3	False	False	0.9847222222222207	0.9847222222222207	True	False	final	9.43571072441408e-10	2.4783226086771567e-10	-9.999999999999998	0.24601100716748578	0.0166425099930936	0.4959949668771708	0.25404404167441935	0.9999768462758605	0.3898964650319573	0.27240253589343966	-5.6478885373648735	7.719931285395364	False	False	False		0.05	55.2
sub-0003_task-thermalactive_run-1_eeg	sub-0003	multitaper	lines		frozen	Cz	comb55	54.775000000000006	56.775000000000006	stationary	near	55.2	56.35000000000001	55.275000000000006	55.275000000000006	0.0	1.0	0.4487989505128276	0.0	0.0	4.795714931532165e-08	-10.0	7.535043625015533	17.85437474999344	7.80507437500637	5.446144833025755	3	3	False	False	0.9847222222222207	0.9847222222222207	True	False	recovery	5.373898219437665e-10	3.3848970542652774e-10	-9.999999999999998	0.6240146673573777	0.005862735609040394	0.7899459901520974	0.044124084834427056	0.9999991152678399	0.07621562458309658	0.639605237548324	-1.940879885952485	2.9879639658161348					0.075	55.2
sub-0003_task-thermalactive_run-1_eeg	sub-0003	multitaper	lines		frozen	Cz	comb55	54.775000000000006	56.775000000000006	stationary	near	55.2	56.35000000000001	55.275000000000006	55.275000000000006	0.0	1.0	0.4487989505128276	0.0	0.0	4.795714931532165e-08	-10.0	7.535043625015533	17.85437474999344	7.80507437500637	5.446144833025755	3	3	False	False	0.9847222222222207	0.9847222222222207	True	False	final	5.373898219437665e-10	3.38449370343869e-10	-9.999999999999998	0.623941405715251	0.005860939851469539	0.7898996174927869	0.0441436084456275	0.9999990899375576	0.07729896922706857	0.6395361938834341	-1.941348720468581	2.9880919950102194	False	False	False		0.075	55.2
sub-0003_task-thermalactive_run-1_eeg	sub-0003	multitaper	lines		frozen	Cz	comb55	54.775000000000006	56.775000000000006	stationary	near	55.2	56.35000000000001	55.300000000000004	55.300000000000004	0.0	1.0	0.4487989505128276	0.0	0.0	5.961783385506418e-08	-10.0	7.535043625015533	17.85437474999344	10.435166916984599	6.525041291984962	3	3	False	False	0.9847222222222207	0.9847222222222207	True	False	recovery	8.304914098418519e-10	8.084385524750409e-10	-10.0	0.9730452895586806	0.00040072432480131674	0.9864305802025202	0.00018414199824184435	0.9999999934893535	0.006538079156629936	0.9783858568679956	-0.09489833903681467	0.2685430396533013					0.1	55.2
sub-0003_task-thermalactive_run-1_eeg	sub-0003	multitaper	lines		frozen	Cz	comb55	54.775000000000006	56.775000000000006	stationary	near	55.2	56.35000000000001	55.300000000000004	55.300000000000004	0.0	1.0	0.4487989505128276	0.0	0.0	5.961783385506418e-08	-10.0	7.535043625015533	17.85437474999344	10.435166916984599	6.525041291984962	3	3	False	False	0.9847222222222207	0.9847222222222207	True	False	final	8.304914098418519e-10	8.085334546073833e-10	-10.0	0.9731540179050583	0.0004062682409472226	0.9864856906742532	0.00018264633739308302	0.9999999950425834	0.005705133688133494	0.9785095825264325	-0.09434916947242333	0.2685441547668727	False	False	False		0.1	55.2
sub-0003_task-thermalactive_run-1_eeg	sub-0003	multitaper	lines		frozen	Cz	comb55	54.775000000000006	56.775000000000006	stationary	near	55.2	56.35000000000001	55.35	55.35	0.0	1.0	0.4487989505128276	0.0	0.0	6.679074370864895e-08	-10.0	7.535043625015533	17.85437474999344	7.582029165991116	5.59371962500154	3	3	False	False	0.9847222222222207	0.9847222222222207	True	False	recovery	1.0423544008684706e-09	1.1317345595043383e-09	-9.999999999999998	1.0784814712278257	0.007266867879668876	1.0384996250494392	0.001482243122260113	0.9999999894110153	0.008338066552290881	1.11315386485901	0.46555198513286994	3.9545809916999985					0.15	55.2
sub-0003_task-thermalactive_run-1_eeg	sub-0003	multitaper	lines		frozen	Cz	comb55	54.775000000000006	56.775000000000006	stationary	near	55.2	56.35000000000001	55.35	55.35	0.0	1.0	0.4487989505128276	0.0	0.0	6.679074370864895e-08	-10.0	7.535043625015533	17.85437474999344	7.582029165991116	5.59371962500154	3	3	False	False	0.9847222222222207	0.9847222222222207	True	False	final	1.0423544008684706e-09	1.1316056387513434e-09	-9.999999999999998	1.0783772279796329	0.007247428863033191	1.038449434483756	0.0014783797120937324	0.9999999900332303	0.008089383369014458	1.1130514808802852	0.4651525179668068	3.95486735691109	False	False	False		0.15	55.2
sub-0003_task-thermalactive_run-1_eeg	sub-0003	multitaper	lines		frozen	Cz	comb55	54.775000000000006	56.775000000000006	stationary	near	55.2	56.35000000000001	55.400000000000006	55.400000000000006	0.0	1.0	0.4487989505128276	0.0	0.0	5.747118883960322e-08	-10.0	7.535043625015533	17.85437474999344	7.379144542006543	5.698645500000566	3	3	False	False	0.9847222222222207	0.9847222222222207	True	False	recovery	7.717618275060891e-10	7.721485300503084e-10	-10.000000000000002	0.9996832528793885	0.0008178117370627452	0.9998416138966154	4.8822552351437605e-08	0.9999999881299227	0.008828055675764326	1.0040978966101641	0.01776057315906063	0.10560871336088502					0.2	55.2
sub-0003_task-thermalactive_run-1_eeg	sub-0003	multitaper	lines		frozen	Cz	comb55	54.775000000000006	56.775000000000006	stationary	near	55.2	56.35000000000001	55.400000000000006	55.400000000000006	0.0	1.0	0.4487989505128276	0.0	0.0	5.747118883960322e-08	-10.0	7.535043625015533	17.85437474999344	7.379144542006543	5.698645500000566	3	3	False	False	0.9847222222222207	0.9847222222222207	True	False	final	7.717618275060891e-10	7.721145820808881e-10	-10.000000000000002	0.9996342385814552	0.0008228384107743952	0.9998171025649917	6.13703671532635e-08	0.9999999860379988	0.00957441231943099	1.004065124334184	0.017618823525486237	0.10561302564191553	False	False	False		0.2	55.2
sub-0003_task-thermalactive_run-1_eeg	sub-0003	multitaper	lines		frozen	Cz	comb55	54.775000000000006	56.775000000000006	stationary	near	55.2	56.35000000000001	55.5	55.5	0.0	1.0	0.4487989505128276	0.0	0.0	5.5816717571728315e-08	-10.0	7.535043625015533	17.85437474999344	7.540761084004771	5.671110666997265	3	3	False	False	0.9847222222222207	0.9847222222222207	True	False	recovery	7.279669974777172e-10	7.323851526667487e-10	-10.0	0.9999827423392057	0.006086427285698635	0.9999913711323741	5.702014130248132e-09	0.9999999971861971	0.004298186733976873	0.9994445625642847	-0.002412904304477318	0.1568107675807686					0.3	55.2
sub-0003_task-thermalactive_run-1_eeg	sub-0003	multitaper	lines		frozen	Cz	comb55	54.775000000000006	56.775000000000006	stationary	near	55.2	56.35000000000001	55.5	55.5	0.0	1.0	0.4487989505128276	0.0	0.0	5.5816717571728315e-08	-10.0	7.535043625015533	17.85437474999344	7.540761084004771	5.671110666997265	3	3	False	False	0.9847222222222207	0.9847222222222207	True	False	final	7.279669974777172e-10	7.323559519709923e-10	-10.0	0.9999337317625647	0.006095325198155504	0.9999668653323293	8.451030428049146e-09	0.999999996323316	0.00491322451308306	0.9994178185153547	-0.0025291183368657474	0.15681816824369904	False	False	False		0.3	55.2
sub-0003_task-thermalactive_run-1_eeg	sub-0003	multitaper	lines		frozen	Cz	comb55	54.775000000000006	56.775000000000006	stationary	near	55.2	56.35000000000001	55.650000000000006	55.650000000000006	0.0	1.0	0.4487989505128276	0.0	0.0	4.824147159502072e-08	-10.0	7.535043625015533	17.85437474999344	7.105645042000106	5.595011166995391	3	3	False	False	0.9847222222222207	0.9847222222222207	True	False	recovery	5.437815305325005e-10	5.439895880569652e-10	-10.0	1.0000737199322804	0.00030889240880229406	1.0000368592868367	1.561672396962589e-09	0.9999999998984709	0.000816457620796948	1.0005045009382936	0.0021904672362194418	0.5281948456097292					0.45	55.2
sub-0003_task-thermalactive_run-1_eeg	sub-0003	multitaper	lines		frozen	Cz	comb55	54.775000000000006	56.775000000000006	stationary	near	55.2	56.35000000000001	55.650000000000006	55.650000000000006	0.0	1.0	0.4487989505128276	0.0	0.0	4.824147159502072e-08	-10.0	7.535043625015533	17.85437474999344	7.105645042000106	5.595011166995391	3	3	False	False	0.9847222222222207	0.9847222222222207	True	False	final	5.437815305325005e-10	5.440181910708556e-10	-10.0	1.000119323003862	0.0003158895310389323	1.0000596597222897	3.860791463003786e-09	0.9999999998492547	0.0009948575533578836	1.000577340400082	0.0025066339784283304	0.5281796902698614	False	False	False		0.45	55.2
sub-0003_task-thermalactive_run-1_eeg	sub-0003	multitaper	lines		frozen	Cz	comb55	54.775000000000006	56.775000000000006	stationary	near	55.2	56.35000000000001	55.800000000000004	55.800000000000004	0.0	1.0	0.4487989505128276	0.0	0.0	4.4320614105446205e-08	-10.0	7.535043625015533	17.85437474999344	7.360209250007756	5.434802582982229	3	3	False	False	0.9847222222222207	0.9847222222222207	True	False	recovery	4.589814522698218e-10	4.590994989189828e-10	-9.999999999999998	0.9999204330329335	0.00033675960216059987	0.9999602157250725	1.6748856816771298e-09	0.9999999999539496	0.0005498645111533276	1.0002736599062314	0.0011883272805936276	0.040361795207592845					0.6	55.2
sub-0003_task-thermalactive_run-1_eeg	sub-0003	multitaper	lines		frozen	Cz	comb55	54.775000000000006	56.775000000000006	stationary	near	55.2	56.35000000000001	55.800000000000004	55.800000000000004	0.0	1.0	0.4487989505128276	0.0	0.0	4.4320614105446205e-08	-10.0	7.535043625015533	17.85437474999344	7.360209250007756	5.434802582982229	3	3	False	False	0.9847222222222207	0.9847222222222207	True	False	final	4.589814522698218e-10	4.591649679703948e-10	-9.999999999999998	1.0000476023606562	0.0003522301372871533	1.0000238008970868	7.705113732516748e-10	0.9999999998979879	0.0008183976768426637	1.0004458770259719	0.001935987745707729	0.04036888497717324	False	False	False		0.6	55.2
sub-0003_task-thermalactive_run-1_eeg	sub-0003	multitaper	lines		frozen	Cz	comb55	54.775000000000006	56.775000000000006	intermittent	exact	55.2	56.35000000000001	55.2	55.2	0.0	0.5	0.4487989505128276	0.0	0.0	2.0495497736923166e-07	-10.0	7.535043625015533	17.85437474999344	8.09008070800337	5.73898745898623	3	3	False	False	0.9847222222222207	0.9847222222222207	True	False	recovery	4.9075943647208575e-09	3.167863965682541e-11	-9.999999999999998	4.145548614304314e-05	0.006413568564856998	0.006438593491054016	1.0129103060059297	-0.9993526177469533	177.93822769789384	0.005540071282788433	-22.564846472711174	143.57122885526445					0.0	55.2
sub-0003_task-thermalactive_run-1_eeg	sub-0003	multitaper	lines		frozen	Cz	comb55	54.775000000000006	56.775000000000006	intermittent	exact	55.2	56.35000000000001	55.2	55.2	0.0	0.5	0.4487989505128276	0.0	0.0	2.0495497736923166e-07	-10.0	7.535043625015533	17.85437474999344	8.09008070800337	5.73898745898623	3	3	False	False	0.9847222222222207	0.9847222222222207	True	False	final	4.9075943647208575e-09	3.1385771689032186e-11	-9.999999999999998	4.220432965456008e-05	0.0063531432391368955	0.00649648594661453	1.0130269574385642	-0.9993674438467931	177.96197590586783	0.005540826403887598	-22.564254562314897	143.56889504027487	False	False	False		0.0	55.2
sub-0003_task-thermalactive_run-1_eeg	sub-0003	multitaper	lines		frozen	Cz	comb55	54.775000000000006	56.775000000000006	intermittent	near	55.2	56.35000000000001	55.225	55.225	0.0	0.5	0.4487989505128276	0.0	0.0	5.3546865971970747e-08	-10.0	7.535043625015533	17.85437474999344	8.288330666982802	5.954154875013046	3	3	False	False	0.9847222222222207	0.9847222222222207	True	False	recovery	3.34980916984244e-10	1.5374756154176824e-11	-9.999999999999998	0.03580592222301661	0.010091486777448937	0.18922452859768632	0.6573568905121459	0.9999999326606804	0.02102672665308742	0.049532674473061374	-13.051082220370338	17.322918108283858					0.025	55.2
sub-0003_task-thermalactive_run-1_eeg	sub-0003	multitaper	lines		frozen	Cz	comb55	54.775000000000006	56.775000000000006	intermittent	near	55.2	56.35000000000001	55.225	55.225	0.0	0.5	0.4487989505128276	0.0	0.0	5.3546865971970747e-08	-10.0	7.535043625015533	17.85437474999344	8.288330666982802	5.954154875013046	3	3	False	False	0.9847222222222207	0.9847222222222207	True	False	final	3.34980916984244e-10	1.5351539196185354e-11	-9.999999999999998	0.03578473810879553	0.01004336259136276	0.18916854418426846	0.6574476761570655	0.9999999301765341	0.021411052129889162	0.049537282916160746	-13.050678178325219	17.323301535027536	False	False	False		0.025	55.2
sub-0003_task-thermalactive_run-1_eeg	sub-0003	multitaper	lines		frozen	Cz	comb55	54.775000000000006	56.775000000000006	intermittent	near	55.2	56.35000000000001	55.25	55.25	0.0	0.5	0.4487989505128276	0.0	0.0	7.959189801751412e-08	-10.0	7.535043625015533	17.85437474999344	8.12398075000965	5.88223374998779	3	3	False	False	0.9847222222222207	0.9847222222222207	True	False	recovery	7.401083593474229e-10	1.8132964551217788e-10	-10.0	0.23301877860265066	0.011985406557563805	0.4827201866533558	0.26757842937470777	0.9999999750592895	0.012796681153525523	0.25813780233982553	-5.88148391638107	10.112004709539683					0.05	55.2
sub-0003_task-thermalactive_run-1_eeg	sub-0003	multitaper	lines		frozen	Cz	comb55	54.775000000000006	56.775000000000006	intermittent	near	55.2	56.35000000000001	55.25	55.25	0.0	0.5	0.4487989505128276	0.0	0.0	7.959189801751412e-08	-10.0	7.535043625015533	17.85437474999344	8.12398075000965	5.88223374998779	3	3	False	False	0.9847222222222207	0.9847222222222207	True	False	final	7.401083593474229e-10	1.8128762073007478e-10	-10.0	0.23296899232026633	0.01197841090853718	0.4826686154291227	0.26763178554769196	0.9999999750494747	0.012799198840295196	0.25814950831027905	-5.881286978038047	10.111909916051244	False	False	False		0.05	55.2
sub-0003_task-thermalactive_run-1_eeg	sub-0003	multitaper	lines		frozen	Cz	comb55	54.775000000000006	56.775000000000006	intermittent	near	55.2	56.35000000000001	55.275000000000006	55.275000000000006	0.0	0.5	0.4487989505128276	0.0	0.0	7.42845413946046e-08	-10.0	7.535043625015533	17.85437474999344	8.090807125001447	5.821892374980962	3	3	False	False	0.9847222222222207	0.9847222222222207	True	False	recovery	6.44687664324753e-10	3.971177913561136e-10	-9.999999999999998	0.6089231071057336	0.0070616764282645655	0.7803352530199655	0.04825263733245118	0.9999999767621363	0.012351961252846315	0.6273673100387027	-2.02478114646369	4.957657401102641					0.075	55.2
sub-0003_task-thermalactive_run-1_eeg	sub-0003	multitaper	lines		frozen	Cz	comb55	54.775000000000006	56.775000000000006	intermittent	near	55.2	56.35000000000001	55.275000000000006	55.275000000000006	0.0	0.5	0.4487989505128276	0.0	0.0	7.42845413946046e-08	-10.0	7.535043625015533	17.85437474999344	8.090807125001447	5.821892374980962	3	3	False	False	0.9847222222222207	0.9847222222222207	True	False	final	6.44687664324753e-10	3.9704374016618764e-10	-9.999999999999998	0.6087740351900711	0.007095884675778267	0.7802397293076475	0.048294611986544764	0.9999999773071226	0.0122062595792711	0.6273168808767627	-2.025130255935666	4.958281546552871	False	False	False		0.075	55.2
sub-0003_task-thermalactive_run-1_eeg	sub-0003	multitaper	lines		frozen	Cz	comb55	54.775000000000006	56.775000000000006	intermittent	near	55.2	56.35000000000001	55.300000000000004	55.300000000000004	0.0	0.5	0.4487989505128276	0.0	0.0	8.53861886928576e-08	-10.0	7.535043625015533	17.85437474999344	7.56750929201371	5.68150458400487	3	3	False	False	0.9847222222222207	0.9847222222222207	True	False	recovery	8.517851169750302e-10	8.218386112580806e-10	-9.999999999999998	0.960828242363646	0.0040144097088227705	0.9802184666510042	0.00039131561192925086	0.9999999966587593	0.004683753481867122	0.9696315848810192	-0.13393246193337682	2.830529692764626					0.1	55.2
sub-0003_task-thermalactive_run-1_eeg	sub-0003	multitaper	lines		frozen	Cz	comb55	54.775000000000006	56.775000000000006	intermittent	near	55.2	56.35000000000001	55.300000000000004	55.300000000000004	0.0	0.5	0.4487989505128276	0.0	0.0	8.53861886928576e-08	-10.0	7.535043625015533	17.85437474999344	7.56750929201371	5.68150458400487	3	3	False	False	0.9847222222222207	0.9847222222222207	True	False	final	8.517851169750302e-10	8.218654780313131e-10	-9.999999999999998	0.960796672773415	0.004077521025605418	0.9802023631747757	0.0003919529674502224	0.9999999966621244	0.004681394108807451	0.9697297417097973	-0.13349284329654657	2.8312385881115265	False	False	False		0.1	55.2
sub-0003_task-thermalactive_run-1_eeg	sub-0003	multitaper	lines		frozen	Cz	comb55	54.775000000000006	56.775000000000006	intermittent	near	55.2	56.35000000000001	55.35	55.35	0.0	0.5	0.4487989505128276	0.0	0.0	7.403972494970349e-08	-10.0	7.535043625015533	17.85437474999344	7.693944375001593	5.685162041976582	3	3	False	False	0.9847222222222207	0.9847222222222207	True	False	recovery	6.404386200171075e-10	6.956067892063994e-10	-9.999999999999998	1.0785256823765035	0.007615545627330063	1.03852091089997	0.0014838635809974999	0.999999998553503	0.0030817115865939453	1.110029474513038	0.4533451072217168	4.432914222930772					0.15	55.2
sub-0003_task-thermalactive_run-1_eeg	sub-0003	multitaper	lines		frozen	Cz	comb55	54.775000000000006	56.775000000000006	intermittent	near	55.2	56.35000000000001	55.35	55.35	0.0	0.5	0.4487989505128276	0.0	0.0	7.403972494970349e-08	-10.0	7.535043625015533	17.85437474999344	7.693944375001593	5.685162041976582	3	3	False	False	0.9847222222222207	0.9847222222222207	True	False	final	6.404386200171075e-10	6.954968892203824e-10	-9.999999999999998	1.0783006789961902	0.007668947885175494	1.0384125764820986	0.001475529018291288	0.9999999985620847	0.003072556600214442	1.1099496792768244	0.45303290040909466	4.43340937963288	False	False	False		0.15	55.2
sub-0003_task-thermalactive_run-1_eeg	sub-0003	multitaper	lines		frozen	Cz	comb55	54.775000000000006	56.775000000000006	intermittent	near	55.2	56.35000000000001	55.400000000000006	55.400000000000006	0.0	0.5	0.4487989505128276	0.0	0.0	8.030404460652128e-08	-10.0	7.535043625015533	17.85437474999344	7.776070041989442	5.7024511659983546	3	3	False	False	0.9847222222222207	0.9847222222222207	True	False	recovery	7.533954860127129e-10	7.537803690561096e-10	-10.0	0.9980690140580782	0.002441850488534265	0.9990340404901518	1.040034420606069e-06	0.999999946469969	0.018747021356688463	1.004785667942076	0.020734317493491604	2.5862355115420583					0.2	55.2
sub-0003_task-thermalactive_run-1_eeg	sub-0003	multitaper	lines		frozen	Cz	comb55	54.775000000000006	56.775000000000006	intermittent	near	55.2	56.35000000000001	55.400000000000006	55.400000000000006	0.0	0.5	0.4487989505128276	0.0	0.0	8.030404460652128e-08	-10.0	7.535043625015533	17.85437474999344	7.776070041989442	5.7024511659983546	3	3	False	False	0.9847222222222207	0.9847222222222207	True	False	final	7.533954860127129e-10	7.53711230218429e-10	-10.0	0.9979049081888676	0.002514186710909413	0.9989519048427045	1.205395389574823e-06	0.9999999464979593	0.018742119426980217	1.0047718849187879	0.02067474327577879	2.58716136637243	False	False	False		0.2	55.2
sub-0003_task-thermalactive_run-1_eeg	sub-0003	multitaper	lines		frozen	Cz	comb55	54.775000000000006	56.775000000000006	intermittent	near	55.2	56.35000000000001	55.5	55.5	0.0	0.5	0.4487989505128276	0.0	0.0	8.605428584512403e-08	-10.0	7.535043625015533	17.85437474999344	8.027366207999876	5.852189959026873	3	3	False	False	0.9847222222222207	0.9847222222222207	True	False	recovery	8.651718988561122e-10	8.705494988403815e-10	-10.0	0.9993769900614896	0.0068386533169007635	0.9996884464979525	9.861564161336391e-08	0.9999999992247299	0.0022561566165947332	1.0001245304972102	0.0005407954056089292	1.7128088302023572					0.3	55.2
sub-0003_task-thermalactive_run-1_eeg	sub-0003	multitaper	lines		frozen	Cz	comb55	54.775000000000006	56.775000000000006	intermittent	near	55.2	56.35000000000001	55.5	55.5	0.0	0.5	0.4487989505128276	0.0	0.0	8.605428584512403e-08	-10.0	7.535043625015533	17.85437474999344	8.027366207999876	5.852189959026873	3	3	False	False	0.9847222222222207	0.9847222222222207	True	False	final	8.651718988561122e-10	8.704538635202755e-10	-10.0	0.9991848986018933	0.0069202056798413555	0.9995923662182966	1.6772407058339875e-07	0.9999999992202966	0.002262597936902118	1.0001007821530163	0.0004376692750377804	1.7139349217299655	False	False	False		0.3	55.2
sub-0003_task-thermalactive_run-1_eeg	sub-0003	multitaper	lines		frozen	Cz	comb55	54.775000000000006	56.775000000000006	intermittent	near	55.2	56.35000000000001	55.650000000000006	55.650000000000006	0.0	0.5	0.4487989505128276	0.0	0.0	5.7904715290165397e-08	-10.0	7.535043625015533	17.85437474999344	7.168835707998369	5.680266374984058	3	3	False	False	0.9847222222222207	0.9847222222222207	True	False	recovery	3.9172299018715907e-10	3.918287071939708e-10	-10.0	0.9997588777751877	0.0005109991773194893	0.9998794316192267	2.2239534480587578e-08	0.9999999961481356	0.005028888994374004	1.0004582971931035	0.001989903471599683	0.812395079567408					0.45	55.2
sub-0003_task-thermalactive_run-1_eeg	sub-0003	multitaper	lines		frozen	Cz	comb55	54.775000000000006	56.775000000000006	intermittent	near	55.2	56.35000000000001	55.650000000000006	55.650000000000006	0.0	0.5	0.4487989505128276	0.0	0.0	5.7904715290165397e-08	-10.0	7.535043625015533	17.85437474999344	7.168835707998369	5.680266374984058	3	3	False	False	0.9847222222222207	0.9847222222222207	True	False	final	3.9172299018715907e-10	3.9180807760047296e-10	-10.0	0.9996143586071929	0.0006028546160388993	0.9998071607101006	4.480860826631566e-08	0.9999999961884568	0.005002498654542756	1.0005113812631128	0.0022203329372293816	0.8158535146355425	False	False	False		0.45	55.2
sub-0003_task-thermalactive_run-1_eeg	sub-0003	multitaper	lines		frozen	Cz	comb55	54.775000000000006	56.775000000000006	intermittent	near	55.2	56.35000000000001	55.800000000000004	55.800000000000004	0.0	0.5	0.4487989505128276	0.0	0.0	6.773319845005417e-08	-10.0	7.535043625015533	17.85437474999344	7.2492019580095075	5.571919957990758	3	3	False	False	0.9847222222222207	0.9847222222222207	True	False	recovery	5.35983695567149e-10	5.360040959573122e-10	-9.999999999999998	0.9995013875005093	0.0005366740866731202	0.9997506626657016	6.217765931560368e-08	0.9999999999957223	0.00016758424229277054	1.0001907539965917	0.0008283550776985627	0.6990386636452423					0.6	55.2
sub-0003_task-thermalactive_run-1_eeg	sub-0003	multitaper	lines		frozen	Cz	comb55	54.775000000000006	56.775000000000006	intermittent	near	55.2	56.35000000000001	55.800000000000004	55.800000000000004	0.0	0.5	0.4487989505128276	0.0	0.0	6.773319845005417e-08	-10.0	7.535043625015533	17.85437474999344	7.2492019580095075	5.571919957990758	3	3	False	False	0.9847222222222207	0.9847222222222207	True	False	final	5.35983695567149e-10	5.360074925219131e-10	-9.999999999999998	0.9993908158851259	0.0006535827690762598	0.9996953615402674	9.280983939172061e-08	0.9999999999973752	0.0001312779878103837	1.0003256648669265	0.0014141142953836888	0.70386164539429	False	False	False		0.6	55.2
sub-0013_task-thermalactive_run-3_eeg	sub-0013	multitaper	lines		frozen	Cz	comb80	80.025	82.025	stationary	exact	80.4	81.65	80.4	80.4	0.0	1.0	0.4487989505128276	0.0	0.0	1.8134841408059112e-07	-10.0	5.922522333014058	13.28396599998814	5.704619833006291	5.40110516702407	2	2	False	False	0.5208333333333357	0.5208333333333357	True	False	recovery	8.34608858724712e-09	1.2152764886189521e-11	-9.999999999999998	0.00018412400961945053	0.0012719790210575755	0.013569230251545241	1.02728371759389	-0.9985678289004082	176.9331812811161	0.0008831418965958899	-30.539695116459676	174.17931611265396					0.0	80.4
sub-0013_task-thermalactive_run-3_eeg	sub-0013	multitaper	lines		frozen	Cz	comb80	80.025	82.025	stationary	exact	80.4	81.65	80.4	80.4	0.0	1.0	0.4487989505128276	0.0	0.0	1.8134841408059112e-07	-10.0	5.922522333014058	13.28396599998814	5.704619833006291	5.40110516702407	2	2	False	False	0.5208333333333357	0.5208333333333357	True	False	final	8.34608858724712e-09	1.1697299523205934e-11	-9.999999999999998	0.00018591985338399264	0.00121561086378087	0.013635243062886434	1.0274193507145084	-0.9986411953025864	177.01278477512656	0.0008719412330036433	-30.595127846113396	174.1785792314673	False	False	False		0.0	80.4
sub-0013_task-thermalactive_run-3_eeg	sub-0013	multitaper	lines		frozen	Cz	comb80	80.025	82.025	stationary	near	80.4	81.65	80.42500000000001	80.42500000000001	0.0	1.0	0.4487989505128276	0.0	0.0	5.605929076298199e-08	-10.0	5.922522333014058	13.28396599998814	5.880134707986144	5.23092687499593	2	2	False	False	0.5208333333333357	0.5208333333333357	True	False	recovery	7.97536523180996e-10	3.112256678595917e-11	-10.0	0.03259450172372175	0.006428873233235158	0.18053947414269753	0.6715167741561368	0.9999966192495684	0.14898595560997877	0.04212272764355251	-13.754835139778043	13.138586820338432					0.025	80.4
sub-0013_task-thermalactive_run-3_eeg	sub-0013	multitaper	lines		frozen	Cz	comb80	80.025	82.025	stationary	near	80.4	81.65	80.42500000000001	80.42500000000001	0.0	1.0	0.4487989505128276	0.0	0.0	5.605929076298199e-08	-10.0	5.922522333014058	13.28396599998814	5.880134707986144	5.23092687499593	2	2	False	False	0.5208333333333357	0.5208333333333357	True	False	final	7.97536523180996e-10	3.101868492406363e-11	-10.0	0.0326130706691948	0.0062800508650325	0.1805908930959554	0.6714322257655752	0.999997393865562	0.1308088582034796	0.042043149705950765	-13.763047558056902	13.131560729639974	False	False	False		0.025	80.4
sub-0013_task-thermalactive_run-3_eeg	sub-0013	multitaper	lines		frozen	Cz	comb80	80.025	82.025	stationary	near	80.4	81.65	80.45	80.45	0.0	1.0	0.4487989505128276	0.0	0.0	5.0596331031128753e-08	-10.0	5.922522333014058	13.28396599998814	5.8968081250204705	5.158529125008499	2	2	False	False	0.5208333333333357	0.5208333333333357	True	False	recovery	6.496707787073309e-10	1.603619533897419e-10	-9.999999999999998	0.2338167315142786	0.013018986891912245	0.4835459973097478	0.2667255504119401	0.9999991588006503	0.0743169799230373	0.2544084743956973	-5.944684263491309	8.02512068215236					0.05	80.4
sub-0013_task-thermalactive_run-3_eeg	sub-0013	multitaper	lines		frozen	Cz	comb80	80.025	82.025	stationary	near	80.4	81.65	80.45	80.45	0.0	1.0	0.4487989505128276	0.0	0.0	5.0596331031128753e-08	-10.0	5.922522333014058	13.28396599998814	5.8968081250204705	5.158529125008499	2	2	False	False	0.5208333333333357	0.5208333333333357	True	False	final	6.496707787073309e-10	1.6018739808665063e-10	-9.999999999999998	0.23368181191598347	0.012885223783820662	0.48340646656409497	0.2668698254011998	0.9999990208929008	0.08017771836188252	0.25429169732659934	-5.946678193921536	8.019546128585924	False	False	False		0.05	80.4
sub-0013_task-thermalactive_run-3_eeg	sub-0013	multitaper	lines		frozen	Cz	comb80	80.025	82.025	stationary	near	80.4	81.65	80.47500000000001	80.47500000000001	0.0	1.0	0.4487989505128276	0.0	0.0	3.818250810892166e-08	-10.0	5.922522333014058	13.28396599998814	6.7114663340034895	5.685304416983854	2	2	False	False	0.5208333333333357	0.5208333333333357	True	False	recovery	3.6998496271706773e-10	2.3197009562851733e-10	-10.0	0.6224580053750741	0.004513679973908313	0.788960078441916	0.044538510883840796	0.999999580211587	0.052499320059149895	0.6339286318662858	-1.979596325461819	2.6400151878306204					0.075	80.4
sub-0013_task-thermalactive_run-3_eeg	sub-0013	multitaper	lines		frozen	Cz	comb80	80.025	82.025	stationary	near	80.4	81.65	80.47500000000001	80.47500000000001	0.0	1.0	0.4487989505128276	0.0	0.0	3.818250810892166e-08	-10.0	5.922522333014058	13.28396599998814	6.7114663340034895	5.685304416983854	2	2	False	False	0.5208333333333357	0.5208333333333357	True	False	final	3.6998496271706773e-10	2.3188446716283578e-10	-10.0	0.6221813922367486	0.004558855420749213	0.7887847565950731	0.04461257988217116	0.999999555749802	0.05400727575554991	0.6339366475815135	-1.9795414114114327	2.6387447694344544	False	False	False		0.075	80.4
sub-0013_task-thermalactive_run-3_eeg	sub-0013	multitaper	lines		frozen	Cz	comb80	80.025	82.025	stationary	near	80.4	81.65	80.5	80.5	0.0	1.0	0.4487989505128276	0.0	0.0	5.0938590906717845e-08	-10.0	5.922522333014058	13.28396599998814	6.363555207994068	5.993934832978994	2	2	False	False	0.5208333333333357	0.5208333333333357	True	False	recovery	6.58489563676679e-10	6.411350476145873e-10	-9.999999999999998	0.9726354685628216	0.0010094955803332463	0.9862228290618817	0.0001899409910446912	0.9999999338121249	0.020846230529570714	0.9807455901327062	-0.08443635974707236	0.7866247378625532					0.1	80.4
sub-0013_task-thermalactive_run-3_eeg	sub-0013	multitaper	lines		frozen	Cz	comb80	80.025	82.025	stationary	near	80.4	81.65	80.5	80.5	0.0	1.0	0.4487989505128276	0.0	0.0	5.0938590906717845e-08	-10.0	5.922522333014058	13.28396599998814	6.363555207994068	5.993934832978994	2	2	False	False	0.5208333333333357	0.5208333333333357	True	False	final	6.58489563676679e-10	6.411456688066478e-10	-9.999999999999998	0.9725101192400992	0.001150974531598657	0.9861592768108502	0.00019175604879774095	0.9999999034484572	0.025177808553952918	0.9808855733305007	-0.0838165293569679	0.7865440592950372	False	False	False		0.1	80.4
sub-0013_task-thermalactive_run-3_eeg	sub-0013	multitaper	lines		frozen	Cz	comb80	80.025	82.025	stationary	near	80.4	81.65	80.55000000000001	80.55000000000001	0.0	1.0	0.4487989505128276	0.0	0.0	3.705466922943594e-08	-10.0	5.922522333014058	13.28396599998814	6.054025124991313	5.672130082995864	2	2	False	False	0.5208333333333357	0.5208333333333357	True	False	recovery	3.4845014536334937e-10	3.7846647320058733e-10	-10.0	1.0793297940747217	0.006812594547147706	1.0389079815242164	0.0015138608487080631	0.9999999856472279	0.009707467365022874	1.1122507862731414	0.462027214319642	3.8985117225915804					0.15	80.4
sub-0013_task-thermalactive_run-3_eeg	sub-0013	multitaper	lines		frozen	Cz	comb80	80.025	82.025	stationary	near	80.4	81.65	80.55000000000001	80.55000000000001	0.0	1.0	0.4487989505128276	0.0	0.0	3.705466922943594e-08	-10.0	5.922522333014058	13.28396599998814	6.054025124991313	5.672130082995864	2	2	False	False	0.5208333333333357	0.5208333333333357	True	False	final	3.4845014536334937e-10	3.7839572153650403e-10	-10.0	1.079043387772424	0.006895954115163506	1.0387701323066736	0.0015031391610426034	0.9999999922976389	0.00711131610968504	1.1122587675511642	0.46205837826764895	3.891618968601316	False	False	False		0.15	80.4
sub-0013_task-thermalactive_run-3_eeg	sub-0013	multitaper	lines		frozen	Cz	comb80	80.025	82.025	stationary	near	80.4	81.65	80.60000000000001	80.60000000000001	0.0	1.0	0.4487989505128276	0.0	0.0	5.0664132678450334e-08	-10.0	5.922522333014058	13.28396599998814	7.0549490000121295	5.579748834017664	2	2	False	False	0.5208333333333357	0.5208333333333357	True	False	recovery	6.514119370564518e-10	6.517972218285369e-10	-9.999999999999998	0.9994806828950384	0.0011107781300449884	0.999740307727481	1.0799816705116619e-07	0.9999999797156874	0.011540321666297426	1.005120502677641	0.022181319164280063	0.3203051851887361					0.2	80.4
sub-0013_task-thermalactive_run-3_eeg	sub-0013	multitaper	lines		frozen	Cz	comb80	80.025	82.025	stationary	near	80.4	81.65	80.60000000000001	80.60000000000001	0.0	1.0	0.4487989505128276	0.0	0.0	5.0664132678450334e-08	-10.0	5.922522333014058	13.28396599998814	7.0549490000121295	5.579748834017664	2	2	False	False	0.5208333333333357	0.5208333333333357	True	False	final	6.514119370564518e-10	6.514450773613702e-10	-9.999999999999998	0.9987968524471096	0.0012540221269322822	0.9993982451691166	3.669044652003133e-07	0.9999999976007616	0.003968939117605679	1.0048506944486844	0.02101536986232666	0.32012436441932074	False	False	False		0.2	80.4
sub-0013_task-thermalactive_run-3_eeg	sub-0013	multitaper	lines		frozen	Cz	comb80	80.025	82.025	stationary	near	80.4	81.65	80.7	80.7	0.0	1.0	0.4487989505128276	0.0	0.0	6.151369491062385e-08	-10.0	5.922522333014058	13.28396599998814	5.543355542002246	5.477999957976863	2	2	False	False	0.5208333333333357	0.5208333333333357	True	False	recovery	9.602794705762846e-10	9.66254937092349e-10	-9.999999999999998	1.0000783336236765	0.006144299160932287	1.0000391660448487	3.1572932610500223e-09	0.9999999991883746	0.002308421334064036	0.9994341241187055	-0.0024582633284636717	0.16198868664388297					0.3	80.4
sub-0013_task-thermalactive_run-3_eeg	sub-0013	multitaper	lines		frozen	Cz	comb80	80.025	82.025	stationary	near	80.4	81.65	80.7	80.7	0.0	1.0	0.4487989505128276	0.0	0.0	6.151369491062385e-08	-10.0	5.922522333014058	13.28396599998814	5.543355542002246	5.477999957976863	2	2	False	False	0.5208333333333357	0.5208333333333357	True	False	final	9.602794705762846e-10	9.662947008355842e-10	-9.999999999999998	0.9999696414716642	0.00629439982421896	0.9999848206206253	6.744878403112426e-08	0.9999999663903044	0.014854894721427717	0.9996762291629924	-0.0014063465584245962	0.1617471413669077	False	False	False		0.3	80.4
sub-0013_task-thermalactive_run-3_eeg	sub-0013	multitaper	lines		frozen	Cz	comb80	80.025	82.025	stationary	near	80.4	81.65	80.85000000000001	80.85000000000001	0.0	1.0	0.4487989505128276	0.0	0.0	4.48118626847917e-08	-10.0	5.922522333014058	13.28396599998814	6.71144616699894	5.334736958990106	2	2	False	False	0.5208333333333357	0.5208333333333357	True	False	recovery	5.096122053855559e-10	5.098526763153599e-10	-10.0	1.00006893521139	0.00040293521726939707	1.0000344670117076	1.306125106087003e-09	0.9999999999409273	0.0006227760006386196	1.000624833432052	0.0027127696901222825	0.6443952402667507					0.45	80.4
sub-0013_task-thermalactive_run-3_eeg	sub-0013	multitaper	lines		frozen	Cz	comb80	80.025	82.025	stationary	near	80.4	81.65	80.85000000000001	80.85000000000001	0.0	1.0	0.4487989505128276	0.0	0.0	4.48118626847917e-08	-10.0	5.922522333014058	13.28396599998814	6.71144616699894	5.334736958990106	2	2	False	False	0.5208333333333357	0.5208333333333357	True	False	final	5.096122053855559e-10	5.099885724866263e-10	-10.0	1.0003876445119035	0.0003508917654715847	1.000193803476058	1.415057245427249e-07	0.9999999480371018	0.018470718306866606	1.0010415984090408	0.004521250159126302	0.5015992211230421	False	False	False		0.45	80.4
sub-0013_task-thermalactive_run-3_eeg	sub-0013	multitaper	lines		frozen	Cz	comb80	80.025	82.025	stationary	near	80.4	81.65	81.0	81.0	0.0	1.0	0.4487989505128276	0.0	0.0	5.248396854542952e-08	-10.0	5.922522333014058	13.28396599998814	7.6292465000005905	5.425033749983413	2	2	False	False	0.5208333333333357	0.5208333333333357	True	False	recovery	6.990491145216599e-10	6.993278113188446e-10	-9.999999999999998	0.9999456693588857	0.00045301049253307796	0.9999728343104555	7.572088142403748e-10	0.9999999999903824	0.0002512839543072059	1.000422936438586	0.0018364013015917807	0.04415003250820909					0.6	80.4
sub-0013_task-thermalactive_run-3_eeg	sub-0013	multitaper	lines		frozen	Cz	comb80	80.025	82.025	stationary	near	80.4	81.65	81.0	81.0	0.0	1.0	0.4487989505128276	0.0	0.0	5.248396854542952e-08	-10.0	5.922522333014058	13.28396599998814	7.6292465000005905	5.425033749983413	2	2	False	False	0.5208333333333357	0.5208333333333357	True	False	final	6.990491145216599e-10	6.999023244616607e-10	-9.999999999999998	1.0008367252439168	0.00038380407548425764	1.00041827514491	3.76164816028072e-07	0.9999998994367034	0.025695518431707018	1.0020727954448174	0.008992719420479784	0.1194735015472718	False	False	False		0.6	80.4
sub-0013_task-thermalactive_run-3_eeg	sub-0013	multitaper	lines		frozen	Cz	comb80	80.025	82.025	intermittent	exact	80.4	81.65	80.4	80.4	0.0	0.5	0.4487989505128276	0.0	0.0	2.1432606812874918e-07	-10.0	5.922522333014058	13.28396599998814	6.765747084020404	5.600063666992355	2	2	False	False	0.5208333333333357	0.5208333333333357	True	False	recovery	5.828709283620029e-09	3.33947704629992e-11	-10.0	5.2958241357704185e-05	0.005676401182493807	0.007277241328807516	1.0145130913849003	-0.9935174944866105	173.47257165893743	0.005320461905170744	-22.740506620360193	145.77463320060966					0.0	80.4
sub-0013_task-thermalactive_run-3_eeg	sub-0013	multitaper	lines		frozen	Cz	comb80	80.025	82.025	intermittent	exact	80.4	81.65	80.4	80.4	0.0	0.5	0.4487989505128276	0.0	0.0	2.1432606812874918e-07	-10.0	5.922522333014058	13.28396599998814	6.765747084020404	5.600063666992355	2	2	False	False	0.5208333333333357	0.5208333333333357	True	False	final	5.828709283620029e-09	3.206711526573461e-11	-10.0	5.5990482734941455e-05	0.005445590348522219	0.007482678847507853	1.0149296942258001	-0.9938755922966531	173.65561223426204	0.005144399394310804	-22.886653215745262	146.22336778308983	False	False	False		0.0	80.4
sub-0013_task-thermalactive_run-3_eeg	sub-0013	multitaper	lines		frozen	Cz	comb80	80.025	82.025	intermittent	near	80.4	81.65	80.42500000000001	80.42500000000001	0.0	0.5	0.4487989505128276	0.0	0.0	8.771796219594658e-08	-10.0	5.922522333014058	13.28396599998814	6.2999117499857675	5.3929616659879684	2	2	False	False	0.5208333333333357	0.5208333333333357	True	False	recovery	9.76340889901709e-10	4.396520955380405e-11	-9.999999999999998	0.03554777202144172	0.009482821297488293	0.1885411679751712	0.658466950977553	0.9999959825578939	0.16240995516512066	0.04935744129016145	-13.066473623939107	17.265267000339282					0.025	80.4
sub-0013_task-thermalactive_run-3_eeg	sub-0013	multitaper	lines		frozen	Cz	comb80	80.025	82.025	intermittent	near	80.4	81.65	80.42500000000001	80.42500000000001	0.0	0.5	0.4487989505128276	0.0	0.0	8.771796219594658e-08	-10.0	5.922522333014058	13.28396599998814	6.2999117499857675	5.3929616659879684	2	2	False	False	0.5208333333333357	0.5208333333333357	True	False	final	9.76340889901709e-10	4.365959057120461e-11	-9.999999999999998	0.03547034752262757	0.009247220923779427	0.18833573087077124	0.6588003970804384	0.9999959877519085	0.1623049339727122	0.04910838569056416	-13.08844341926289	17.271353208060404	False	False	False		0.025	80.4
sub-0013_task-thermalactive_run-3_eeg	sub-0013	multitaper	lines		frozen	Cz	comb80	80.025	82.025	intermittent	near	80.4	81.65	80.45	80.45	0.0	0.5	0.4487989505128276	0.0	0.0	7.307373987247816e-08	-10.0	5.922522333014058	13.28396599998814	6.086616208980558	5.268650374986464	2	2	False	False	0.5208333333333357	0.5208333333333357	True	False	recovery	6.775555361676635e-10	1.6566061558437622e-10	-9.999999999999998	0.23299091509977018	0.01150655668147324	0.4826913248648355	0.2676083040974405	0.9999999598839474	0.01622910595809511	0.2585759551169238	-5.874118624623837	10.039475989231223					0.05	80.4
sub-0013_task-thermalactive_run-3_eeg	sub-0013	multitaper	lines		frozen	Cz	comb80	80.025	82.025	intermittent	near	80.4	81.65	80.45	80.45	0.0	0.5	0.4487989505128276	0.0	0.0	7.307373987247816e-08	-10.0	5.922522333014058	13.28396599998814	6.086616208980558	5.268650374986464	2	2	False	False	0.5208333333333357	0.5208333333333357	True	False	final	6.775555361676635e-10	1.6541142078391766e-10	-9.999999999999998	0.232732647005977	0.01139703971978536	0.4824237214378839	0.2678852444997381	0.9999999581596767	0.016574216760917446	0.2582791657374498	-5.879106250701596	10.040088702563349	False	False	False		0.05	80.4
sub-0013_task-thermalactive_run-3_eeg	sub-0013	multitaper	lines		frozen	Cz	comb80	80.025	82.025	intermittent	near	80.4	81.65	80.47500000000001	80.47500000000001	0.0	0.5	0.4487989505128276	0.0	0.0	8.87244528909355e-08	-10.0	5.922522333014058	13.28396599998814	6.503435584018007	5.42906604098971	2	2	False	False	0.5208333333333357	0.5208333333333357	True	False	recovery	9.988791339561543e-10	6.157353268565083e-10	-9.999999999999998	0.6099623986161907	0.006463859501556408	0.7810008954003771	0.047960608092010255	0.9999999998229366	0.0010782121777822573	0.6289215039447693	-2.0140355571684685	4.694518911261523					0.075	80.4
sub-0013_task-thermalactive_run-3_eeg	sub-0013	multitaper	lines		frozen	Cz	comb80	80.025	82.025	intermittent	near	80.4	81.65	80.47500000000001	80.47500000000001	0.0	0.5	0.4487989505128276	0.0	0.0	8.87244528909355e-08	-10.0	5.922522333014058	13.28396599998814	6.503435584018007	5.42906604098971	2	2	False	False	0.5208333333333357	0.5208333333333357	True	False	final	9.988791339561543e-10	6.154745617460938e-10	-9.999999999999998	0.6095876354557247	0.006577564940883878	0.7807609336126679	0.04806576853676188	0.9999999998037984	0.001134986352735103	0.6287222658442189	-2.0154115908348595	4.6976833545176495	False	False	False		0.075	80.4
sub-0013_task-thermalactive_run-3_eeg	sub-0013	multitaper	lines		frozen	Cz	comb80	80.025	82.025	intermittent	near	80.4	81.65	80.5	80.5	0.0	0.5	0.4487989505128276	0.0	0.0	6.611152511267501e-08	-10.0	5.922522333014058	13.28396599998814	6.784056542004691	5.800597875000676	2	2	False	False	0.5208333333333357	0.5208333333333357	True	False	recovery	5.545973993997165e-10	5.357836591695439e-10	-10.000000000000002	0.9625411388239223	0.0035356219930039122	0.9810918095794717	0.00035753833879379013	0.9999999904831459	0.007904664609051329	0.9717959229508578	-0.12424927297769855	2.4631133066925575					0.1	80.4
sub-0013_task-thermalactive_run-3_eeg	sub-0013	multitaper	lines		frozen	Cz	comb80	80.025	82.025	intermittent	near	80.4	81.65	80.5	80.5	0.0	0.5	0.4487989505128276	0.0	0.0	6.611152511267501e-08	-10.0	5.922522333014058	13.28396599998814	6.784056542004691	5.800597875000676	2	2	False	False	0.5208333333333357	0.5208333333333357	True	False	final	5.545973993997165e-10	5.357084683403756e-10	-10.000000000000002	0.9621786904347438	0.003762493062035904	0.980907075331167	0.0003645593309941436	0.9999999900303583	0.008090521654741488	0.97171704531137	-0.12460179054926415	2.4695264661681997	False	False	False		0.1	80.4
sub-0013_task-thermalactive_run-3_eeg	sub-0013	multitaper	lines		frozen	Cz	comb80	80.025	82.025	intermittent	near	80.4	81.65	80.55000000000001	80.55000000000001	0.0	0.5	0.4487989505128276	0.0	0.0	5.5561494211968475e-08	-10.0	5.922522333014058	13.28396599998814	6.820415499998489	6.883195292000892	2	2	False	False	0.5208333333333357	0.5208333333333357	True	False	recovery	3.917178500511004e-10	4.255259553632431e-10	-10.0	1.0790985741907142	0.007208713842578105	1.0387966953117989	0.001505184972060122	0.9999999993237643	0.002107113650177324	1.1104713932204942	0.4550737519740861	4.1571428097707726					0.15	80.4
sub-0013_task-thermalactive_run-3_eeg	sub-0013	multitaper	lines		frozen	Cz	comb80	80.025	82.025	intermittent	near	80.4	81.65	80.55000000000001	80.55000000000001	0.0	0.5	0.4487989505128276	0.0	0.0	5.5561494211968475e-08	-10.0	5.922522333014058	13.28396599998814	6.820415499998489	6.883195292000892	2	2	False	False	0.5208333333333357	0.5208333333333357	True	False	final	3.917178500511004e-10	4.2541052130521296e-10	-10.0	1.0785914850373108	0.00742111625140332	1.038552591368059	0.0014863034357864224	0.9999999994537618	0.001893781066739013	1.1102371021246262	0.4541573657785515	4.1560499035959335	False	False	False		0.15	80.4
sub-0013_task-thermalactive_run-3_eeg	sub-0013	multitaper	lines		frozen	Cz	comb80	80.025	82.025	intermittent	near	80.4	81.65	80.60000000000001	80.60000000000001	0.0	0.5	0.4487989505128276	0.0	0.0	8.857081865284943e-08	-10.0	5.922522333014058	13.28396599998814	6.033567958977073	5.246778833999997	2	2	False	False	0.5208333333333357	0.5208333333333357	True	False	recovery	9.95424722119877e-10	9.958825602809127e-10	-10.0	0.9990606575062065	0.0013992850196878764	0.9995302184057301	4.804978878887625e-07	0.9999998700373757	0.02921121459728788	1.0041670791860788	0.01805979274748752	1.3690570125428505					0.2	80.4
sub-0013_task-thermalactive_run-3_eeg	sub-0013	multitaper	lines		frozen	Cz	comb80	80.025	82.025	intermittent	near	80.4	81.65	80.60000000000001	80.60000000000001	0.0	0.5	0.4487989505128276	0.0	0.0	8.857081865284943e-08	-10.0	5.922522333014058	13.28396599998814	6.033567958977073	5.246778833999997	2	2	False	False	0.5208333333333357	0.5208333333333357	True	False	final	9.95424722119877e-10	9.953130534253492e-10	-10.0	0.9982121266453144	0.0016756913965125183	0.9991056634036835	1.0618034723415125e-06	0.9999998688999898	0.02933875905802856	1.0036552964403258	0.015845807786212376	1.3840031798666823	False	False	False		0.2	80.4
sub-0013_task-thermalactive_run-3_eeg	sub-0013	multitaper	lines		frozen	Cz	comb80	80.025	82.025	intermittent	near	80.4	81.65	80.7	80.7	0.0	0.5	0.4487989505128276	0.0	0.0	7.6077550750935e-08	-10.0	5.922522333014058	13.28396599998814	5.642144665995147	5.148595250007929	2	2	False	False	0.5208333333333357	0.5208333333333357	True	False	recovery	7.344096288615187e-10	7.387319088541514e-10	-10.0	0.9993915520832928	0.006493828258626374	0.9996957297514543	1.1920272705521772e-07	0.9999999866847772	0.0093500257437652	0.9990284925208842	-0.004221254195260652	0.9085417894981345					0.3	80.4
sub-0013_task-thermalactive_run-3_eeg	sub-0013	multitaper	lines		frozen	Cz	comb80	80.025	82.025	intermittent	near	80.4	81.65	80.7	80.7	0.0	0.5	0.4487989505128276	0.0	0.0	7.6077550750935e-08	-10.0	5.922522333014058	13.28396599998814	5.642144665995147	5.148595250007929	2	2	False	False	0.5208333333333357	0.5208333333333357	True	False	final	7.344096288615187e-10	7.385705155578148e-10	-10.0	0.9987877747483878	0.006877846361126852	0.9993937035765174	3.9424470876687816e-07	0.9999999866672383	0.009356181551176079	0.9988759818909371	-0.0048842941553246515	0.9655645207652617	False	False	False		0.3	80.4
sub-0013_task-thermalactive_run-3_eeg	sub-0013	multitaper	lines		frozen	Cz	comb80	80.025	82.025	intermittent	near	80.4	81.65	80.85000000000001	80.85000000000001	0.0	0.5	0.4487989505128276	0.0	0.0	7.012642896645175e-08	-10.0	5.922522333014058	13.28396599998814	6.075211458984995	5.203558292007074	2	2	False	False	0.5208333333333357	0.5208333333333357	True	False	recovery	6.240002905750224e-10	6.242120565886707e-10	-9.999999999999998	0.9994254601155008	0.0009139083381252144	0.999712688783883	8.258518353537143e-08	0.9999999999812702	0.0003506710979113171	1.0004392691442137	0.0019073027750569674	1.2891547390501799					0.45	80.4
sub-0013_task-thermalactive_run-3_eeg	sub-0013	multitaper	lines		frozen	Cz	comb80	80.025	82.025	intermittent	near	80.4	81.65	80.85000000000001	80.85000000000001	0.0	0.5	0.4487989505128276	0.0	0.0	7.012642896645175e-08	-10.0	5.922522333014058	13.28396599998814	6.075211458984995	5.203558292007074	2	2	False	False	0.5208333333333357	0.5208333333333357	True	False	final	6.240002905750224e-10	6.239188898568032e-10	-9.999999999999998	0.9984369014244225	0.0014326487673929527	0.9992181450636405	6.113765886814561e-07	0.999999999960245	0.0005108915040023786	1.0000880816194646	0.0003825167668049664	1.337759869186192	False	False	False		0.45	80.4
sub-0013_task-thermalactive_run-3_eeg	sub-0013	multitaper	lines		frozen	Cz	comb80	80.025	82.025	intermittent	near	80.4	81.65	81.0	81.0	0.0	0.5	0.4487989505128276	0.0	0.0	8.360957738317306e-08	-10.0	5.922522333014058	13.28396599998814	5.943094624992227	5.431811666989233	2	2	False	False	0.5208333333333357	0.5208333333333357	True	False	recovery	8.870332406089279e-10	8.872654822583722e-10	-10.000000000000002	0.9995446827280586	0.0007171357008572756	0.9997723154439008	5.1853804088726926e-08	0.999999999993225	0.00021090999651265105	1.0002711399880913	0.0011773863954589881	0.642295958839307					0.6	80.4
sub-0013_task-thermalactive_run-3_eeg	sub-0013	multitaper	lines		frozen	Cz	comb80	80.025	82.025	intermittent	near	80.4	81.65	81.0	81.0	0.0	0.5	0.4487989505128276	0.0	0.0	8.360957738317306e-08	-10.0	5.922522333014058	13.28396599998814	5.943094624992227	5.431811666989233	2	2	False	False	0.5208333333333357	0.5208333333333357	True	False	final	8.870332406089279e-10	8.858259867076309e-10	-10.000000000000002	0.996015465427837	0.0026235326998341195	0.9980057441857922	3.977074486589579e-06	0.9999999999908648	0.00024490723564184267	0.9987368707697514	-0.005489168040867749	1.6727703823623759	False	False	False		0.6	80.4
